u_id,b_id,a_id,name,average_rating,ratings_count,text_reviews_count
6722288,12059658,7128,Jodi Picoult,3.92,2470136,145024
6722288,452244,9558,Poppy Z. Brite,3.90,70843,2974
6722288,33810,1238,Nelson DeMille,4.00,289792,14737
5979436,968,630,Dan Brown,3.75,4538174,126777
5979436,30119,435477,Shel Silverstein,4.31,1980056,27147
7231926,355697,4116,Erich Maria Remarque,3.98,267198,7022
6658785,7937843,23613,Emma Donoghue,3.93,486217,42984
6658785,6834410,3066198,Tom Rachman,3.55,44460,6207
6658785,15783342,200330,Amy Webb,3.53,1272,276
7350098,865,566,Paulo Coelho,3.71,1787453,82143
6260983,2122,432,Ayn Rand,3.73,642519,31139
6636288,2913,18,Gary Paulsen,3.73,317304,21454
6604947,2956,1244,Mark Twain,3.83,1743451,30383
7336576,312043,179712,Chris d'Lacey,3.92,74553,3228
6338123,779369,409680,Yashavant P. Kanetkar,4.00,47,5
6683050,10365,6810,Wilson Rawls,4.02,262050,8456
5687217,24120519,3046613,Ransom Riggs,3.87,501415,49037
5687217,23164983,3046613,Ransom Riggs,3.87,501415,49037
5873693,1124156,553289,Philippa J. Easterbrook,4.23,60,4
7333949,25404852,13847528,Carly J. Hallman,3.33,42,10
7333949,50632,9322,Edward Albee,4.02,62519,1566
7333949,12465948,5031025,Anton Chekhov,4.01,145446,6237
6436120,45436,10896,Eoin Colfer,3.91,959019,28645
7471029,101299,2894,Bernhard Schlink,3.70,132166,8385
7471029,291083,14870,Alasdair Gray,4.02,7742,613
7471029,72355,14870,Alasdair Gray,4.02,7742,613
6424382,6472246,20357,Chelsea Handler,3.79,314812,18307
6424382,10256723,10953,Kevin D. Mitnick,3.88,19077,1505
7003538,17465515,44085,Elena Ferrante,4.12,68735,8608
7212767,6193923,48557,Chelsea Cain,3.95,82174,8142
7259182,370493,435477,Shel Silverstein,4.31,1980058,27147
6547992,24770,13957,Scott Westerfeld,3.84,1090391,64767
7350203,13536860,4725841,E.L. James,3.80,2580881,138313
7350203,11721445,52259,Fiona MacDonald,3.77,2729,365
6640798,11454587,2261547,Rachel Hawkins,4.02,261510,22152
7021068,99561,1406384,John Green,4.14,3743251,252356
5649512,4381,1630,Ray Bradbury,3.99,1427966,47214
7253692,67,33,Edward P. Jones,3.84,32776,3345
7253692,4757142,33254,Peter Marshall,4.08,1963,177
5996041,4671,3190,F. Scott Fitzgerald,3.86,2623314,58958
7427775,11735983,4039811,Veronica Roth,4.13,3495791,226547
7427775,13335037,4039811,Veronica Roth,4.13,3495791,226547
7427775,13497818,1077326,J.K. Rowling,4.41,14675813,306740
5827133,18007564,6540057,Andy Weir,4.37,369133,51968
5827133,14535790,8446,James Allen,4.28,29093,1615
6548322,10996342,3452783,Chad Harbach,3.98,79619,9191
6548322,6280118,46118,David Nicholls,3.72,267369,19729
5889217,533465,5836922,Dai Sijie,3.58,39614,3463
5889217,20763881,6175529,Paula Daly,3.76,8766,1467
5824383,2657,1825,Harper Lee,4.21,2880288,80332
6067169,8619814,4766257,John  Stephens,4.01,20847,2689
6067169,1241100,6331,Anne Perry,3.97,313657,16237
6067169,583883,6331,Anne Perry,3.97,313657,16237
6067169,1971304,120401,David Benioff,4.25,72372,7905
6067169,5226845,6760,Laurie R. King,4.03,217980,17552
6067169,93940,6760,Laurie R. King,4.03,217980,17552
6939621,74176,42041,Max Weber,3.89,10009,387
7385923,7260188,153394,Suzanne Collins,4.28,7883508,340481
6613362,450839,14864,David Hatcher Childress,3.86,1540,100
6613362,62291,346732,George R.R. Martin,4.36,3399901,140759
6149585,890,585,John Steinbeck,3.88,2503952,64479
6106997,9659607,2995873,Julie Kagawa,4.11,569006,45251
7144745,2423935,1080493,Josep Bras,2.67,6,1
5799582,10964693,1467,Jeffrey Eugenides,3.93,1194109,47066
6880534,11870085,1406384,John Green,4.14,3743257,252356
6880534,33512,18854,Jim Fergus,3.86,78783,6554
6880534,11337,3534,Toni Morrison,3.83,511378,23047
6880534,12296,7799,Nathaniel Hawthorne,3.40,570225,14233
6387352,21996,5869,Erik Larson,3.93,498320,44696
7380664,231804,762707,S.E. Hinton,4.02,629212,20746
7380664,50,18,Gary Paulsen,3.73,317304,21454
6719788,8261009,76008,Sean Manning,3.45,334,78
5848557,350,205,Robert A. Heinlein,3.91,805406,22093
7480315,5024334,317354,Kristan Higgins,3.97,136348,11575
7480315,5082599,1647762,Julie James,4.00,167327,9575
6812167,15507958,281810,Jojo Moyes,4.10,607986,72313
6463080,174703,53,Heidi Murkoff,3.74,53734,3319
6463080,34266,19313,Peter Walsh,3.73,5952,1080
7272166,370493,435477,Shel Silverstein,4.31,1980062,27147
6794746,5160,3503,Maya Angelou,4.17,310637,10010
7375297,10913,7128,Jodi Picoult,3.92,2470137,145024
7375297,6614960,7128,Jodi Picoult,3.92,2470137,145024
7375297,14865,7128,Jodi Picoult,3.92,2470137,145024
6538085,7399118,169458,Brenda D. Smith,3.47,30,1
6538085,9378297,4086715,Kendare Blake,3.93,100818,13085
6538085,11297434,82991,David King,3.65,6969,971
6899463,1162543,941441,Stephenie Meyer,3.64,7836525,277377
6899463,49041,941441,Stephenie Meyer,3.64,7836525,277377
6899463,428263,941441,Stephenie Meyer,3.64,7836525,277377
6446919,37553,1265,Jane Austen,4.08,3908398,105253
6446919,69571,600,Robert T. Kiyosaki,3.90,175564,7327
6838928,1020689,47260,Morris Gleitzman,3.98,33427,3099
6838928,41379,23301,John Colapinto,3.91,5447,669
6838928,252577,3347,Frank McCourt,4.00,444733,12955
6091006,1480985,196465,John Cummings,3.66,142,14
6922067,7655444,104233,Eduardo Bonilla-Silva,4.18,1205,72
6559549,52309,289513,Benjamin Franklin,3.82,37498,2276
6081831,6334,4280,Kazuo Ishiguro,3.81,451489,33852
6081831,17830123,7829666,Matthew  Thomas,3.70,17724,2866
6081831,17333223,8719,Donna Tartt,3.89,532555,51845
7279141,6435043,10465,Kate Jacobs,3.40,87483,11090
7418355,1430,566,Paulo Coelho,3.71,1787454,82143
6792420,10917,7128,Jodi Picoult,3.92,2470138,145024
6792420,1078,704,Pearl S. Buck,3.96,216891,10799
6792420,187181,7385,Chaim Potok,4.06,124973,6935
5760332,595538,6547,Maj Sjöwall,3.91,31093,2252
6676507,6853,2384,Janet Evanovich,3.99,2511303,103629
6315823,233712,19928,Gary Larson,4.44,107318,1196
6168462,17184,880695,H.G. Wells,3.80,642904,18693
6168462,126617,11315,Evelyn Waugh,3.93,132701,6954
6168462,776331,205,Robert A. Heinlein,3.91,805406,22093
6240587,6752378,150038,Cassandra Clare,4.26,4082989,224155
6240587,3777732,150038,Cassandra Clare,4.26,4082989,224155
6050734,960,630,Dan Brown,3.75,4538190,126773
6050734,370493,435477,Shel Silverstein,4.31,1980062,27147
6050734,227443,3090,Helen Fielding,3.67,794522,15678
6050734,29579,16667,Isaac Asimov,4.11,1264602,29517
6050734,350,205,Robert A. Heinlein,3.91,805406,22093
6039903,35443,20038,Dave Land,3.87,2322,101
6753290,7665722,95474,R.T. Kendall,4.19,1761,258
6753290,66857,10917,Stephen Fry,3.88,81258,6033
6484939,3400816,2384,Janet Evanovich,3.99,2511302,103629
6593259,2429135,706255,Stieg Larsson,4.13,2695236,122074
7181435,5001607,90768,Rebecca Sinclair,3.46,649,82
5716612,1149440,24507,Charles R. Cross,4.10,26203,1055
6589993,117837,3345,Joseph Conrad,3.49,371682,13476
6589993,481558,25022,Jean Rhys,3.62,46527,3651
7363887,5296,3565,Oscar Wilde,4.08,1015639,29827
7363887,30514,1466,Jean-Paul Sartre,3.97,186859,6152
7363887,5472,3706,George Orwell,3.98,3637636,71568
6924783,2299110,4430,Sherrilyn Kenyon,4.23,1105472,47395
5938151,19063,11466,Markus Zusak,4.33,1110159,93940
6734989,2519161,133712,Elizabeth Rolls,3.55,5030,443
7025900,15046,9399,Jeanette Winterson,3.85,133827,10017
7025900,202372,117985,Jo Ann Beard,3.82,6676,1036
5744948,6609549,52989,Julie Anne Peters,3.89,82008,5499
6216974,565425,78674,Martin Meredith,4.09,5237,513
6216974,3169709,121240,Tim Ecott,3.62,457,51
6315962,29,7,Bill Bryson,4.01,829121,49927
6315962,1217881,138426,W. Cleon Skousen,4.25,12029,1787
6315962,23578,13311,Al Franken,3.81,44464,1515
6315962,7613,3706,George Orwell,3.98,3637637,71568
6315962,5107,819789,J.D. Salinger,3.82,2138253,47719
6116725,884143,454766,Jonathan Mark Kenoyer,4.16,25,7
5964657,11790455,698102,Marah Rusli,3.70,1731,163
6273431,124761,35476,Jack Canfield,4.03,131733,7119
6273431,14748,9212,Jennifer Weiner,3.66,789878,31955
6273431,42156,13370,Emily Giffin,3.76,967097,38188
7237037,6654313,1330292,Maggie Stiefvater,3.93,852933,75139
7237037,6068551,1330292,Maggie Stiefvater,3.93,852933,75139
7237037,7402393,3041100,Andrea Cremer,4.03,154952,11994
7237037,7263429,3041100,Andrea Cremer,4.03,154952,11994
7237037,9436632,89439,Sophie Jordan,3.89,146713,14006
5972968,18635113,7751367,Emma  Healey,3.71,26030,3805
5972968,4708,3190,F. Scott Fitzgerald,3.86,2623322,58958
5972968,11346464,8841,Anita Desai,3.48,12777,1102
6421828,644089,303944,Janet Folger,3.70,70,13
6421828,5161066,17061,Charlaine Harris,3.93,2675054,104714
7110791,64819,26906,Steven Gould,3.86,27793,2482
5745932,968,630,Dan Brown,3.75,4538200,126773
7160817,12497,4178,Cormac McCarthy,3.99,812604,58152
5750265,9416,6160,Sophie Kinsella,3.72,1829518,68855
6281853,290039,87079,Omar Tyree,4.01,20955,743
6827620,6748,4339,David Foster Wallace,4.14,183914,17875
6827620,5297,3565,Oscar Wilde,4.08,1015640,29827
6827620,18490,11139,Mary Shelley,3.73,794780,17296
6231822,7933292,3446736,Todd Burpo,4.02,231932,14260
6231822,89763,1244538,Pam Muñoz Ryan,3.97,75274,8578
6961073,187633,109289,David Bayles,3.66,38982,595
6961073,6115149,42010,Betty Edwards,3.84,160618,552
6199374,366144,441232,Consuelo de Saint-Exupéry,3.74,473,60
6849431,960,630,Dan Brown,3.75,4538200,126773
7108431,7099273,5156034,Wes  Moore,3.74,18308,2702
6968340,6326920,2850,Ben Mezrich,3.65,44746,4862
6553773,78977,4820,Jeffrey Archer,3.95,404085,21017
6553773,33917,3670,Jhumpa Lahiri,3.99,424327,30310
7016625,225038,131683,Edward Eager,4.00,44274,1595
6145120,345627,137902,Richelle Mead,4.29,2267692,111508
5753592,1582996,150038,Cassandra Clare,4.26,4083007,224157
5753592,8614812,25052,Brandon Mull,4.22,424224,28138
6844347,10096454,35476,Jack Canfield,4.03,131733,7119
6844347,10959,1388082,Jostein Gaarder,3.85,173560,10007
6085425,5107,819789,J.D. Salinger,3.82,2138254,47719
6085425,2657,1825,Harper Lee,4.21,2880297,80332
6014788,22318578,5589647,Marie Kondō,3.79,63480,10858
6508767,12405995,50873,L.J. Smith,3.90,830533,27738
6822479,567709,225286,David Denby,3.50,1538,248
6685223,223584,5103,Newt Gingrich,3.91,10392,1012
5927250,4407,1221698,Neil Gaiman,4.13,3466404,191304
5927250,474072,1221698,Neil Gaiman,4.13,3466404,191304
6523517,9962040,24978,Maya Banks,4.03,578118,33267
7358086,625342,209683,Cherie Carter-Scott,3.86,1216,157
6842859,3280908,1087986,John Lorinc,3.83,80,15
6352891,17157,6582,Antonia Fraser,3.94,59048,2471
6352891,13496,346732,George R.R. Martin,4.36,3399915,140760
6073465,107972,4191,Emily Brontë,3.81,857219,22917
6073465,4934,3137322,Fyodor Dostoyevsky,4.16,833427,30799
6073465,7144,3137322,Fyodor Dostoyevsky,4.16,833427,30799
7334677,23017989,594966,Gerry Duggan,3.95,19576,1841
7334677,17316768,6917239,Aymeric Caron,4.18,84,9
7334677,23546843,815259,G. Willow Wilson,4.11,83714,8951
6128032,4699575,1956402,Daniel Suarez,4.12,57757,5141
7270410,372311,1315,Louisa May Alcott,4.00,1313309,21553
7308980,1691721,179612,Carol Plum-Ucci,3.88,10295,1068
7393963,10128428,38120,Brian Selznick,4.04,308050,26325
7039901,6578293,221559,Jeff Kinney,4.11,660760,38616
6493568,712134,38822,Gary Gygax,4.00,18385,387
7095043,4714126,12425,Robert Kirkman,4.27,714742,28577
6255996,907772,464704,Suzanne Pharr,4.24,1075,87
6255996,118103,56667,Germaine Greer,3.69,6939,569
6369166,7997987,2357,Kerrelyn Sparks,4.14,154154,7395
6369166,2802316,137902,Richelle Mead,4.29,2267693,111509
6369166,18135,947,William Shakespeare,3.85,4456254,65461
7403528,24280,13661,Victor Hugo,4.09,668086,16878
7403528,18405,11081,Margaret Mitchell,4.27,804327,14641
7039161,6514,4379,Sylvia Plath,4.01,481102,15115
7390422,12099139,11047,Masashi Kishimoto,4.39,416654,5365
6710900,870808,11586,David Gemmell,4.19,156043,3230
6710900,19298,11586,David Gemmell,4.19,156043,3230
6751195,22358444,580494,Jason Aaron,4.02,83896,6741
7261186,257106,112082,Frans de Waal,4.05,7100,651
7261186,17977,1194,Richard Dawkins,3.99,380130,14597
7261186,10182734,20859,Jonathan Andrews,4.17,12,2
7261186,11643224,1509946,Maia Francisco,4.17,6,1
5694756,137791,3489,Rebecca Wells,3.75,485517,6214
5694756,30119,435477,Shel Silverstein,4.31,1980062,27147
5694756,77203,569,Khaled Hosseini,4.24,2530427,114188
5694756,12232938,316,Alice Sebold,3.73,1569645,42521
7474526,6480781,54066,Andre Agassi,4.14,44585,4183
5658620,221863,3862441,Henry Louis Gates Jr.,3.96,16859,1756
5949435,6708,4493,Eckhart Tolle,4.08,223667,10640
6662684,347610,15402,Adam Hochschild,4.14,29039,2373
6662684,19500357,24446,Lynne Rae Perkins,3.40,10654,1955
7182184,7090447,15872,Rick Riordan,4.30,4773071,190980
6682557,2203,6281688,David McCullough,4.08,401281,20200
6268095,6783157,297819,Margaret McMullan,3.76,999,242
6219490,15793053,43295,Daniel Stashower,3.85,17346,1339
6219490,14995,9355,Dean Koontz,3.88,1780395,65614
6219490,19691,3892,Tom Clancy,3.96,964637,14386
6011544,17851885,7064545,Malala Yousafzai,4.02,139051,10916
6011544,18528093,6134,Arundhati Roy,3.90,167283,8464
7306174,11349502,182937,John Trent,4.09,2039,266
5876997,824734,578,Mary Pope Osborne,3.92,316947,12631
7051332,11389398,996558,Faith Erin Hicks,3.86,28058,3233
7051332,22522808,1221698,Neil Gaiman,4.13,3466418,191304
6395887,10806008,4722094,Jonathan Auxier,4.04,11472,2076
7192684,72929,25334,Sarah Waters,3.73,180997,17009
6765741,2244892,1013855,Roberto Athayde,4.11,19,1
5665398,955400,95452,David Stenn,4.09,1687,122
7027874,937463,33403,Enrique Serna,4.05,1406,162
7058621,6185,4191,Emily Brontë,3.81,857219,22917
7058621,5907,656983,J.R.R. Tolkien,4.29,5368410,79839
7313905,117564,68189,Emil Cioran,4.14,13347,1110
7313905,106096,7869,Louis-Ferdinand Céline,4.18,26234,1446
6825865,6135735,2798199,Sergio Aguirre,3.70,1232,97
5678340,370493,435477,Shel Silverstein,4.31,1980064,27147
5678340,3636,2493,Lois Lowry,4.07,1857007,85082
5678340,4381,1630,Ray Bradbury,3.99,1427972,47213
5678340,37435,4711,Sue Monk Kidd,3.97,1057850,48856
6025834,592395,307908,Henrietta C. Mears,4.32,408,44
6025834,2090152,6733,John Bowker,3.82,501,51
7247831,13533655,11349,Debbie Macomber,4.02,479971,34935
7247831,13547154,3159984,Karen Kingsbury,4.31,355961,16116
6969496,55176,4830,Peter Guralnick,4.23,10321,742
5987930,16130549,3389,Stephen King,3.98,8628592,274206
7171291,34,656983,J.R.R. Tolkien,4.29,5368639,79842
7462833,29103416,14987938,Ομήρου,5.00,1,0
7462833,13507212,58851,Hilary Mantel,3.91,172150,21309
6056838,332572,941441,Stephenie Meyer,3.64,7836756,277381
6034976,22057424,5817530,Kelly Rimmer,4.01,5449,520
6484979,1832749,588558,Lisa Schroeder,3.97,39254,5283
5917082,1232,815,Carlos Ruiz Zafón,4.08,422930,34854
6079868,1999475,4829,Donald Miller,3.97,126923,7156
7499210,22915,2938140,Jacob Grimm,4.20,215455,6734
7304396,15811545,7825,Ruth Ozeki,3.93,61265,8645
6494618,2467842,97213,Tom MacCubbin,4.08,153,15
6178520,5969,4043,Wilbur Smith,4.01,150451,5490
6178520,9827,6417,James Clavell,4.25,207747,4853
6178520,13573622,14989,Vince Flynn,4.30,390770,13334
6178520,13359067,5091,Lee Child,4.05,1008443,53288
7183430,1248692,194256,Jody Gehrman,3.71,14343,1579
7284525,963151,101823,Pramoedya Ananta Toer,4.09,33340,3361
6653376,30119,435477,Shel Silverstein,4.31,1980120,27147
6653376,6148028,153394,Suzanne Collins,4.28,7883870,340484
6653376,231804,762707,S.E. Hinton,4.02,629226,20746
5865228,17202452,5934418,Monica  Murphy,3.95,120328,9731
5865228,42155,13370,Emily Giffin,3.76,967124,38188
7086087,7895937,3432845,Antoinette van Heugten,3.76,8980,1138
7086087,232268,46097,Richard Paul Evans,4.12,211113,23392
6862396,7938275,153394,Suzanne Collins,4.28,7883871,340484
5998302,9416,6160,Sophie Kinsella,3.72,1829607,68863
7032615,15797722,9355,Dean Koontz,3.88,1780470,65617
7153332,113348,626222,Anita Diamant,4.08,477265,24584
5790743,2749408,138570,Brian Hayes,4.10,448,77
5790743,3636,2493,Lois Lowry,4.07,1857040,85087
5790743,3,1077326,J.K. Rowling,4.41,14676675,306779
5790743,4137,2849,David Sedaris,3.97,1291165,51460
6704010,969392,113935,Jane Mendelsohn,3.40,2573,395
6078682,99950,5810891,Mahatma Gandhi,4.06,32196,1562
6078682,112809,5810891,Mahatma Gandhi,4.06,32196,1562
5859214,6089675,819040,Juan M. Flavier,4.33,180,6
6351044,7111497,203139,Madame de Morville,4.00,1,0
7032021,926060,472512,Jane Dwight,4.22,69,4
5903231,365990,4178,Cormac McCarthy,3.99,812643,58156
5903231,448894,1938,Friedrich Nietzsche,4.04,204332,5815
5697711,42607,947,William Shakespeare,3.85,4456438,65468
6906630,1812457,806593,Wm. Paul Young,3.70,374332,26764
6906630,687191,4469009,Lois P. Frankel,3.70,6263,530
7486087,21787,12521,William Goldman,4.23,598418,14419
6852985,761271,8898,Bob Dylan,3.97,40764,1749
6852985,185010,78031,John Patrick Shanley,4.09,14105,397
6279453,332613,7285,Ken Kesey,4.17,476679,7696
6279453,5470,3706,George Orwell,3.98,3637853,71577
6279453,2429135,706255,Stieg Larsson,4.13,2695383,122079
6402613,13440,3389,Stephen King,3.98,8628603,274207
5639412,397466,1353301,V.C. Andrews,3.82,543000,15410
5639412,787660,1353301,V.C. Andrews,3.82,543000,15410
5639412,15622,9657,Richard Wright,3.96,105716,4406
5639412,11337,3534,Toni Morrison,3.83,511408,23048
5639412,6149,3534,Toni Morrison,3.83,511408,23048
5639412,2429135,706255,Stieg Larsson,4.13,2695383,122079
6977383,2657,1825,Harper Lee,4.21,2880520,80339
5695135,4249858,186539,Andris Freivalds,4.25,53,0
6235481,511342,284466,Donna Morrissey,3.86,3528,297
6154410,3841209,885891,Arindama Singh,4.25,4,2
7308025,11869272,4992939,Katherine Boo,3.98,61737,8225
7308025,12781718,711044,Jossey-Bass,4.02,2097,99
7308025,9418327,4385839,Tina Fey,3.94,484268,31746
6467578,162085,93970,Sara Shepard,4.02,649443,34082
6373341,6514,4379,Sylvia Plath,4.01,481133,15121
6721264,6487308,2905297,Lauren Kate,3.83,779448,38729
6575808,22285,2546,Chuck Palahniuk,3.83,1069777,44863
6167481,7026431,3131353,Paul Hillmer,3.62,21,3
6167481,6778111,3046464,Mac McClelland,3.93,515,108
6157477,7613,3706,George Orwell,3.98,3637861,71577
7444079,139220,2606,Bill Buford,3.92,28048,2778
6199628,21853621,54493,Kristin Hannah,4.13,621804,62148
6199628,22557272,1063732,Paula Hawkins,3.84,551800,58191
7123196,25372801,4918514,Charlie Jane Anders,3.76,8717,1616
6178305,359434,183216,Kenneth Kamler,4.13,901,104
5757027,22143098,3329355,Ali McNamara,3.73,15545,1584
6377143,1758153,43395,Bill Johnson,4.42,9557,662
5669057,199068,294,Dori Hillestad Butler,3.92,3730,668
6194202,580541,89393,Greg Pak,3.83,32143,2397
6194202,2,1077326,J.K. Rowling,4.41,14676718,306781
6194202,1,1077326,J.K. Rowling,4.41,14676718,306781
5746992,6094134,2856822,Osho,4.20,37305,2350
7154520,46799,69007,Beatrice Sparks,3.76,198449,9139
5791444,7613,3706,George Orwell,3.98,3637864,71577
5791444,865,566,Paulo Coelho,3.71,1787607,82149
7263028,18710190,4039811,Veronica Roth,4.13,3496048,226560
5757876,8463965,2637107,Rhondalynn Korolak,4.22,32,4
6969159,10412,6842,Greg Behrendt,3.69,58698,3696
5711544,22034,12605,Mario Puzo,4.23,293177,6838
5711544,41865,941441,Stephenie Meyer,3.64,7836780,277381
5711544,113436,8349,Christopher Paolini,3.90,1587255,40486
5711544,34,656983,J.R.R. Tolkien,4.29,5368664,79843
6589323,1068817,471509,Kerry Riley,4.00,16,2
6309293,46799,69007,Beatrice Sparks,3.76,198449,9139
6599176,10886468,7054597,Bianca B. Bernardino,4.31,6631,539
6599176,627055,55084,Maira Kalman,3.69,60060,8480
6573651,710187,27498,Erin Hunter,4.32,540510,19193
6267833,656,128382,Leo Tolstoy,4.02,691085,30627
7410252,12388837,81034,Helen Schulman,3.18,8195,1405
7410252,5046846,2093047,Nonna Bannister,3.84,5858,649
7410252,15793231,5445024,Emily Murdoch,4.06,11759,2188
6218072,6892870,706255,Stieg Larsson,4.13,2695393,122079
6218072,5060378,706255,Stieg Larsson,4.13,2695393,122079
6218072,3407877,615274,Kate Morton,4.04,357050,40100
7145949,41865,941441,Stephenie Meyer,3.64,7836789,277381
6048943,111332,27498,Erin Hunter,4.32,540510,19193
7158560,325115,83376,Red Pine,4.35,4081,212
5861394,327847,42697,Irma S. Rombauer,4.13,85356,990
5861394,3888,6867702,America's Test Kitchen,4.29,21395,871
5861394,603422,42861,Mollie Katzen,3.94,40837,734
7280941,226366,132486,Ray Manzarek,3.92,1685,110
6196359,7624,306,William Golding,3.62,1449247,23311
7322529,2372167,6613788,Thomas Barrett,4.08,225,24
6873118,4670760,195905,Alex Berenson,4.00,44678,2722
6248344,2956,1244,Mark Twain,3.83,1743521,30384
6248344,4078927,374590,Chris Cleave,3.67,200671,22179
6438008,3228917,1439,Malcolm Gladwell,3.92,1162990,48276
6261805,3200864,3622,Paula Danziger,3.83,31226,1739
6748249,7327341,3234254,Dave Mustaine,3.88,4297,295
7315628,11573,3389,Stephen King,3.98,8628647,274209
7426418,11157085,3414480,Matthew Syed,4.02,3245,358
6508628,836984,54493,Kristin Hannah,4.13,621810,62149
6508628,297135,54493,Kristin Hannah,4.13,621810,62149
6508628,1472878,54493,Kristin Hannah,4.13,621810,62149
6508628,8554005,7128,Jodi Picoult,3.92,2470222,145029
6508628,10908,7128,Jodi Picoult,3.92,2470222,145029
6787699,222576,7308,Susan Cooper,4.04,168878,6445
6023505,8434971,125529,Gilbert Parker,3.40,93,20
6023505,2644931,85587,Mary Roberts Rinehart,3.63,9163,1190
6023505,2944553,472955,Marie Jakober,3.63,238,44
6023505,19691,3892,Tom Clancy,3.96,964669,14386
6520280,827412,27847,Lisa Kleypas,4.03,565739,31535
6520280,861326,63898,Julia Quinn,3.98,455755,22479
6520280,693016,27847,Lisa Kleypas,4.03,565739,31535
7036235,3858,2622,Sarah Macdonald,3.51,12502,992
6063514,3,1077326,J.K. Rowling,4.41,14676772,306784
6612463,7864437,348878,James Dashner,3.94,1252758,96669
6612463,7631105,348878,James Dashner,3.94,1252758,96669
6612463,307791,2347,Jeanne DuPrau,3.76,260997,14869
6612463,18710190,4039811,Veronica Roth,4.13,3496070,226562
7027166,8612987,2982045,Sarah Pekkanen,3.65,29777,3093
7027166,2029834,5098,Laurie Notaro,3.86,64128,5198
7027166,5886881,2383,Gillian Flynn,3.96,1866256,167366
7347270,41865,941441,Stephenie Meyer,3.64,7836799,277381
7347270,18667798,15274,Rachel DeWoskin,3.43,4492,769
6844781,22285,2546,Chuck Palahniuk,3.83,1069786,44863
6844781,9516,6238,Marjane Satrapi,4.21,260186,13178
6844781,32552,4624490,Edgar Allan Poe,4.18,889995,16574
6844781,297249,10665,Gertrude Chandler Warner,3.96,181567,4336
7445873,139253,13234,Sandra Cisneros,3.64,94808,6913
7388123,6186357,348878,James Dashner,3.94,1252758,96669
5740628,4928441,3240518,P.C. Chatterji,4.00,3,0
5740628,7677,5194,Michael Crichton,3.76,1722409,37153
6743784,326714,16904,Richard Bach,3.87,203045,7211
6743784,29951,16904,Richard Bach,3.87,203045,7211
7099157,349254,10,Jude Fisher,4.46,29879,270
7061677,1086329,123715,Agatha Christie,3.95,1931312,77352
6881794,53611,24811,Elizabeth Pantley,3.56,8677,1142
7059583,175516,4624490,Edgar Allan Poe,4.18,889995,16574
7059583,206173,4624490,Edgar Allan Poe,4.18,889995,16574
7059583,206172,4624490,Edgar Allan Poe,4.18,889995,16574
6147673,11735983,4039811,Veronica Roth,4.13,3496074,226562
6147673,13335037,4039811,Veronica Roth,4.13,3496074,226562
6147673,15835877,4487674,Moira Young,3.94,67625,7911
6147673,13042154,4487674,Moira Young,3.94,67625,7911
6147673,9917938,4487674,Moira Young,3.94,67625,7911
6147673,17853139,63533,Cathy Cassidy,3.95,41297,2316
6147673,6460331,11654,Meg Cabot,3.80,1506775,60560
6147673,7848083,11654,Meg Cabot,3.80,1506775,60560
6147673,7194943,11654,Meg Cabot,3.80,1506775,60560
6147673,511527,22602,Jacqueline Wilson,3.64,201865,7296
6147673,7969040,63533,Cathy Cassidy,3.95,41297,2316
6147673,6729036,63533,Cathy Cassidy,3.95,41297,2316
6147673,13246148,63533,Cathy Cassidy,3.95,41297,2316
6253666,77366,5339,Robin McKinley,3.96,266620,18954
6253666,407813,5339,Robin McKinley,3.96,266620,18954
6253666,176867,4766,Andre Norton,3.85,113053,3686
5671283,4137,2849,David Sedaris,3.97,1291167,51460
7214023,6428536,463,Philip Roth,3.79,250637,16987
7214023,15798334,6459199,Ari Shavit,4.21,4055,642
6613230,2022395,126726,National Research Council,3.73,1177,109
6293102,6969174,3780,James Patterson,3.96,3843754,173371
6193992,191113,33274,Mo Willems,4.29,318840,20412
7217101,474889,235731,Maxwell Luria,3.95,60,3
7217101,22929491,477454,Aleksandr Kushner,4.33,15,3
7105795,732767,388987,John Torreano,3.80,15,2
6083552,147746,68467,Harvey MacKay,3.91,9469,431
5938037,1014032,235136,Greg Watkins,3.75,4,1
7294709,426825,19708,Leon Uris,4.20,158079,3817
6115769,24717218,172445,Josephine Cox,3.74,7565,727
6541275,1470232,54493,Kristin Hannah,4.13,621813,62150
6711087,341879,196092,Patti Smith,4.09,106923,9040
5954632,7756093,46273,Candace Fleming,3.97,20506,3989
5954632,946086,248589,Aaron Reynolds,4.08,11371,1945
5648179,3473,2345,Nicholas Sparks,4.05,3988112,120921
6212289,5821978,151371,Jenny Han,4.08,430012,44160
6111416,6202342,498072,Audrey Niffenegger,3.89,1244800,54478
6111416,682761,365431,Edith Hahn Beer,4.12,20600,1649
6111416,619916,335156,Lucette  Lagnado,4.00,2509,126
6111416,319300,183491,Amanda Foreman,3.81,14994,1223
6111416,575831,97986,Janet Gleeson,3.63,2074,275
6773186,293595,5086768,Bill Martin Jr.,4.17,303626,6987
6493635,100915,1069006,C.S. Lewis,4.11,3729584,79064
7433642,2165,1455,Ernest Hemingway,3.81,1330319,44923
5704188,18160,10953,Kevin D. Mitnick,3.88,19076,1505
5708994,16181775,1895943,Graeme Simsion,3.92,270417,31963
5708994,4374400,295178,Gayle Forman,3.99,795559,68870
5708994,17802724,322069,Liane Moriarty,3.96,654066,61377
5708994,15776309,6452053,Kimberly McCreight,3.80,90285,10420
5708994,18079776,4711,Sue Monk Kidd,3.97,1057889,48857
6794073,12296,7799,Nathaniel Hawthorne,3.40,570249,14233
6794073,160098,14141,Alexandra Robbins,3.39,16399,2232
6031968,356338,204149,Wann,3.98,5066,208
6031968,731840,204149,Wann,3.98,5066,208
6128886,29946,16904,Richard Bach,3.87,203046,7211
6128886,52529,29655,Rhonda Byrne,3.65,235178,9941
6895752,6310964,43626,Jonathan Kellerman,3.85,313023,12918
6538262,111306,64364,Jacquelyn Frank,4.11,114136,5244
6316699,183187,12455,Thomas Harris,4.00,587437,8976
5907585,9753303,410993,Dianne Sylvan,3.94,13336,952
7023797,415055,7105,Martin Gardner,4.06,347323,6323
7023797,3228917,1439,Malcolm Gladwell,3.92,1162995,48276
7023797,820469,398,David Bach,3.87,16167,1489
5847873,8355628,4055458,Steven Rattner,3.69,233,35
6478601,636721,343517,Ana Primavesi,0.0,0,0
6623099,3289090,167395,Alex Kava,3.97,59390,3707
6688155,23281906,625,Nora Roberts,4.05,2494319,83558
6688155,25644601,4725841,E.L. James,3.80,2581009,138316
7343067,42898,20248,J.R. Ward,4.30,1344319,71306
6621145,26131,14636,Robin Lane Fox,3.94,4209,276
6464160,615570,13229,Julia Cameron,3.90,69646,2694
5901658,29209,11728,James McBride,3.99,96953,6817
7221035,28186,15872,Rick Riordan,4.30,4773405,190996
5813589,6609719,12665,Cecily von Ziegesar,3.63,237398,7206
5813589,22190,12665,Cecily von Ziegesar,3.63,237398,7206
5813589,1677988,12665,Cecily von Ziegesar,3.63,237398,7206
6339721,10210,1036615,Charlotte Brontë,4.06,1225891,31152
7349806,539,317,Sharyn McCrumb,3.93,62762,3881
7238609,366527,117904,Joe Friel,3.90,3575,272
7238609,22557272,1063732,Paula Hawkins,3.84,551830,58192
6987315,138251,49377,Julia London,3.78,42633,3867
6244626,357173,204623,Antwone Quenton Fisher,4.14,2630,238
6244626,15196,5117,Art Spiegelman,4.34,348470,12605
7090783,1013946,11874,Kate Kinsella,4.14,66,6
6540154,7740152,2905297,Lauren Kate,3.83,779455,38730
6092080,5107,819789,J.D. Salinger,3.82,2138370,47722
6092080,23164968,6243,Robert Kurson,4.17,21820,2633
7056149,165,93,Narendra Jadhav (डॉ. नरेंद्र जाधव ),3.86,820,48
7056149,2657,1825,Harper Lee,4.21,2880567,80339
7056149,3869,1401,Stephen Hawking,4.08,279104,9095
7393587,428263,941441,Stephenie Meyer,3.64,7836816,277380
6524099,45112,25307,Robin Hobb,4.13,667690,22394
6524099,68487,25307,Robin Hobb,4.13,667690,22394
7034642,270067,20730,Don Freeman,4.26,202057,2778
7034642,475339,64280,Ludwig Bemelmans,4.21,181939,2140
7112230,5148756,2129541,George Fifield,4.00,2,0
5778475,12160906,4820,Jeffrey Archer,3.95,404159,21019
5660033,3124249,7025,Gregory Maguire,3.50,721727,39786
7225194,80458,10017,Sigmund Freud,3.79,121915,3471
6388134,32929,18479,Margaret Wise Brown,4.22,308294,6803
6388134,100915,1069006,C.S. Lewis,4.11,3729596,79064
6926841,6952,4694,Laura Esquivel,3.91,271709,6205
6926841,129619,9885,Judith McNaught,4.16,217196,7670
6926841,5598113,625,Nora Roberts,4.05,2494328,83560
5647922,2761415,1206209,Marie Annette Harper,4.67,3,0
5744698,5139,3490,Lauren Weisberger,3.59,773626,15940
5744698,11,4,Douglas Adams,4.18,1794428,34430
7141384,31157,7625163,Tim LaHaye,3.93,445117,9202
7141384,4789801,1441,Ted Dekker,4.02,313724,18973
7141384,2165,1455,Ernest Hemingway,3.81,1330330,44924
5986928,4945624,18327,Greg Rucka,3.98,124858,7537
7339852,84979,1265,Jane Austen,4.08,3908713,105268
7427098,707750,2843599,Ashley Antoinette,4.53,43691,3136
7427098,911566,2843599,Ashley Antoinette,4.53,43691,3136
6546623,20910157,7350402,Amy Poehler,3.79,180680,15808
7168018,890,585,John Steinbeck,3.88,2504100,64487
6847181,6555284,75124,Joan Donaldson,3.67,118,37
6847181,115076,66631,Marisa de los Santos,3.74,63857,9521
5969999,49038,27523,Michael J. Behe,3.73,3635,336
7106149,1885,1265,Jane Austen,4.08,3908715,105268
6187251,82375,47072,John Hart,3.99,43064,6020
6335017,782320,245155,Nina Lugovskaya,3.20,168,27
6335017,9815674,3233349,Jennifer  Phillips,3.57,49,39
6321437,262436,578,Mary Pope Osborne,3.92,316984,12632
6321437,18419,11095,Audrey Penn,4.39,48874,1476
6321437,581409,8725,Tomie dePaola,4.13,102677,5143
6321437,457762,26874,William Steig,4.08,64639,3167
7119670,18007564,6540057,Andy Weir,4.37,369225,51977
6047459,10335308,194416,Mindy Kaling,3.85,300414,21738
5868900,2612,1439,Malcolm Gladwell,3.92,1163000,48276
6335940,1885,1265,Jane Austen,4.08,3908715,105268
6974813,2156,1265,Jane Austen,4.08,3908715,105268
5899890,5633771,72027,Jean Hanff Korelitz,3.39,18279,2843
6173166,17348993,9556,Diane Mott Davidson,3.83,126797,6274
7296518,3754026,1370283,Brent Weeks,4.27,342192,11345
7367391,5312125,2282707,Catherine M. Wilson,4.16,6296,463
6505268,7150178,815278,Lincoln Peirce,4.30,79734,3122
6505268,74532,4273,Roald Dahl,4.09,2017827,50422
6505268,6319,4273,Roald Dahl,4.09,2017827,50422
7078216,49436,27837,Greg Mortenson,3.64,284885,24465
7078216,1162543,941441,Stephenie Meyer,3.64,7836832,277380
7078216,865,566,Paulo Coelho,3.71,1787629,82150
5788659,3591262,93353,Abraham Verghese,4.27,254218,22991
6773001,49750,1406384,John Green,4.14,3743626,252371
6472106,19536001,61382,Matt Fraction,4.01,141640,9973
6472106,25179,14151,Craig Thompson,4.04,119139,9289
6472106,20821614,202260,Caroline Kepnes,3.85,23546,5134
6472106,7102544,17061,Charlaine Harris,3.93,2675127,104716
6472106,26031312,6543330,Kelly Thompson,3.95,4919,895
6853597,7235533,38550,Brandon Sanderson,4.36,1411287,94699
6139522,1172943,1133111,Michal Grynberg,4.43,44,8
6871948,7906105,88507,April Henry,3.89,28771,4635
6878322,2657,1825,Harper Lee,4.21,2880579,80340
6566027,6417483,32483,Donald S. Passman,4.11,878,60
6742974,3876,1455,Ernest Hemingway,3.81,1330333,44924
6742974,310612,3049,John Kennedy Toole,3.88,167419,10902
6536490,1633,1058,David Allen,3.94,71380,3484
5654214,1215032,108424,Patrick Rothfuss,4.49,615081,42756
6830223,17571564,6984726,Allie Brosh,4.14,104892,8548
6705278,101332,58532,Victor Ostrovsky,3.89,1252,90
5997684,25163300,116504,Laura Amy Schlitz,3.80,21828,3825
5997684,25663807,8123141,Sally Hepworth,3.79,7235,1419
5997684,126381,11291,Chimamanda Ngozi Adichie,4.21,180939,19587
5997684,23847950,93345,Diane Chamberlain,4.02,187966,19306
5997684,21853621,54493,Kristin Hannah,4.13,621825,62151
5997684,22716194,978484,Lisa Genova,4.19,296484,33704
5997684,22501028,457,Anne Tyler,3.69,264269,19552
7368112,26,7,Bill Bryson,4.01,829176,49930
7368112,27,7,Bill Bryson,4.01,829176,49930
6470776,17303,5544,Frank E. Peretti,4.06,225355,6904
6470776,1812457,806593,Wm. Paul Young,3.70,374336,26764
5655481,22904,5223,Franz Kafka,3.87,627223,17735
6139925,108077,6846,Christopher Paul Curtis,3.90,126590,9076
7192178,37781,8051,Chinua Achebe,3.60,199173,9459
7192178,28881,16218,Christopher Moore,3.96,536840,37369
6350944,7619292,941441,Stephenie Meyer,3.64,7836841,277380
5692438,22628,12898,Stephen Chbosky,4.20,805105,41259
7162826,343614,30278,Esther Hicks,4.21,50690,1347
7162826,773038,138207,Deepak Chopra,3.99,105426,5425
7162826,53535,413486,Michael J. Losier,4.01,6117,276
7162826,68984,20369,Joseph Murphy,4.10,18583,923
7162826,1134122,8435,Norman Vincent Peale,4.08,49053,899
6873443,9961796,3095893,Stephanie Perkins,4.07,404595,45922
6873443,6936382,3095893,Stephanie Perkins,4.07,404595,45922
5677138,174703,53,Heidi Murkoff,3.74,53736,3320
5677138,204567,18114,Armin A. Brott,3.73,2705,312
7207296,77397,64709,Clement C. Moore,4.35,75992,1390
6185648,7017514,2030641,Brandi Johnson,4.45,548,105
6394076,1548103,421344,Mary L. Coloe,3.00,5,0
6833566,4177614,796118,John Neil Munro,3.76,94,17
6833566,28282,15907,Tom Perrotta,3.47,89825,10509
6833566,5015,2408,Ian McEwan,3.71,625919,41064
6503527,10537195,27372,Kazu Kibuishi,4.25,110093,9244
6944693,10574666,23573,Lane Smith,4.20,257221,11354
5859004,17345242,346732,George R.R. Martin,4.36,3400217,140772
5859004,20910157,7350402,Amy Poehler,3.79,180683,15808
6699807,5,1077326,J.K. Rowling,4.41,14677032,306789
6699807,15881,1077326,J.K. Rowling,4.41,14677032,306789
6699807,3,1077326,J.K. Rowling,4.41,14677032,306789
7192585,3367956,1421619,Jamie Ford,3.94,200521,19232
7047315,2313039,854076,Robert Louis Stevenson,3.82,672637,18297
7047315,195144,113780,John Cleland,3.32,7389,558
6766044,4740496,97710,Irene Hannon,4.16,31350,3094
6026716,4137,2849,David Sedaris,3.97,1291167,51460
7273114,1162543,941441,Stephenie Meyer,3.64,7836848,277380
6154268,2429135,706255,Stieg Larsson,4.13,2695434,122081
6116053,370493,435477,Shel Silverstein,4.31,1980137,27147
6116053,42155,13370,Emily Giffin,3.76,967134,38188
6116053,42156,13370,Emily Giffin,3.76,967134,38188
6150956,1298356,15843,Irene Trimble,3.89,1811,201
6222611,813214,3389,Stephen King,3.98,8628751,274210
6672700,8747308,56750,Caroline Kennedy,3.95,13670,1405
7034872,83369,47672,Trenton Lee Stewart,4.17,139126,11407
7034872,9471670,1051591,Tera Lynn Childs,3.89,68219,5896
7034872,6710476,1051591,Tera Lynn Childs,3.89,68219,5896
7034872,179064,49177,Shannon Hale,3.92,438507,53477
6010589,55352,22782,George Carlin,4.05,45125,1698
6231948,3248956,440721,Francis Crosby,3.94,77,10
6231948,11983404,56292,Anthony Summers,3.88,3900,389
7484435,24039422,4279785,Wendy Higgins,4.21,116842,10728
7458116,431517,4532116,George Gissing,3.72,7826,448
5774885,228333,9222,Emma McLaughlin,3.35,331221,8196
5774885,9416,6160,Sophie Kinsella,3.72,1829637,68864
6971700,18779662,23389,Elizabeth Warren,4.13,8352,1373
6971700,18090150,2238,Isabel Allende,3.94,455063,24257
6971700,13642929,5832991,Sonia Sotomayor,4.00,16796,2413
6301121,2205226,13291,Walter Dean Myers,3.74,96816,12690
6851665,8490112,324620,Laini Taylor,4.10,354406,44930
7128931,327242,187835,Sarah Simblet,3.97,14516,74
5905032,8437667,24689,Harlan Coben,3.97,598780,40161
6094099,2657,1825,Harper Lee,4.21,2880596,80341
6094099,33926,7375,Melissa Bank,3.27,117805,3590
6204567,2624740,178570,Robert L. Wilkins,4.39,123,8
6204567,155452,44618,Seymour Simon,3.94,3945,758
6648556,9673436,38120,Brian Selznick,4.04,308066,26327
6138811,114955,10896,Eoin Colfer,3.91,959066,28646
6343850,8857310,2122,Sarah Vowell,3.83,105177,10837
6343850,2845287,2122,Sarah Vowell,3.83,105177,10837
6343850,3110,2122,Sarah Vowell,3.83,105177,10837
6343850,26889576,776,Michael Lewis,4.12,297159,17881
6343850,3298088,107170,Jo Walton,3.75,33830,6680
7120112,9593833,36492,Barbara Delinsky,3.71,128315,9707
7120112,6532496,36492,Barbara Delinsky,3.71,128315,9707
7120112,6075924,3936,Stuart Woods,3.83,216246,11928
7120112,156619,3936,Stuart Woods,3.83,216246,11928
7120112,715147,3936,Stuart Woods,3.83,216246,11928
7120112,438923,3936,Stuart Woods,3.83,216246,11928
7197794,428700,241632,Patrick Waldberg,3.56,48,4
5750613,2322,4,Douglas Adams,4.18,1794433,34430
6389293,128461,72605,Arthur Rimbaud,4.35,27741,816
7371129,7740152,2905297,Lauren Kate,3.83,779465,38730
7371129,6487308,2905297,Lauren Kate,3.83,779465,38730
7371129,6581511,200317,Alyson Noel,3.69,579061,26331
7457580,2612,1439,Malcolm Gladwell,3.92,1163020,48276
7457580,18050143,8474721,Peter Thiel,4.16,26798,1677
7457580,16071764,5333595,Sheryl Sandberg,3.90,107190,8991
7457580,11737358,1353593,Aaron Shapiro,3.80,117,23
6972919,8113297,4431820,Mallory Kass,4.12,7130,138
6972919,6389704,11912,Jude Watson,3.99,162280,4049
6706037,8662836,274533,Simone Elkeles,4.10,389294,22340
6706037,5287473,2261547,Rachel Hawkins,4.02,261531,22155
6706037,8709527,137902,Richelle Mead,4.29,2267774,111516
6706037,7402393,3041100,Andrea Cremer,4.03,154958,11995
6524796,389627,221559,Jeff Kinney,4.11,660846,38620
6524796,147732,66186,Harry Allard,4.26,96386,1370
6524796,231850,20730,Don Freeman,4.26,202058,2778
6524796,759611,5086768,Bill Martin Jr.,4.17,303627,6987
5648333,1472419,64845,William Wordsworth,3.99,23571,621
6289484,6136022,29938,Pearl Amelia McHaney,4.39,23,5
6289484,17333223,8719,Donna Tartt,3.89,532631,51855
5791314,37426,15907,Tom Perrotta,3.47,89825,10509
5935469,960,630,Dan Brown,3.75,4538477,126778
7238278,24284,13661,Victor Hugo,4.09,668114,16880
7238278,6101996,643,Bart D. Ehrman,3.93,36237,3126
7238278,51364,643,Bart D. Ehrman,3.93,36237,3126
6082529,43641,24556,Sara Gruen,4.02,1063103,63496
6082529,1162543,941441,Stephenie Meyer,3.64,7836873,277380
7070052,8099187,13747,George W. Bush,3.80,34635,3193
6396037,10119460,90596,Teri Woods,4.44,18740,745
7184170,5129,3487,Aldous Huxley,3.96,1094904,21271
5991502,17888219,7078632,Patricia Snoblen,4.50,4,1
5977345,772009,7799,Nathaniel Hawthorne,3.40,570253,14234
5977345,2697004,1265,Jane Austen,4.08,3908761,105268
5977345,10335308,194416,Mindy Kaling,3.85,300420,21738
6860175,25614898,14031444,Paul Kalanithi,4.36,17524,2478
7274398,898885,460979,Nancy Horan,3.69,80302,10521
7274398,5886881,2383,Gillian Flynn,3.96,1866298,167367
7274398,15818107,157146,Christina Baker Kline,4.07,200045,21647
7101413,7149287,8794,Charles Stross,3.85,143288,9718
7101413,14150,8794,Charles Stross,3.85,143288,9718
7101413,101869,8794,Charles Stross,3.85,143288,9718
6771261,9975679,143691,Ilsa J. Bick,3.85,38626,5506
6716326,7241105,1354155,Malayattoor Ramakrishnan,3.80,2634,116
5748864,10625,3389,Stephen King,3.98,8628777,274211
5868520,154423,99044,Mary Higgins Clark,3.80,485973,22855
5868520,84548,20850,Walter Mosley,3.88,77179,7436
6640208,18214414,383606,Robert Galbraith,3.91,396619,39604
6442975,10576365,2973783,Alexandra Bracken,4.28,158115,21060
5936300,30183,17015,P.C. Cast,3.94,1662255,49453
5936300,676924,17015,P.C. Cast,3.94,1662255,49453
5936300,1326258,17015,P.C. Cast,3.94,1662255,49453
6023166,227443,3090,Helen Fielding,3.67,794579,15679
6023166,865,566,Paulo Coelho,3.71,1787640,82151
6885746,240250,85149,Caryl Churchill,3.65,11973,457
6210051,10839247,231076,Jennifer Lewis,3.54,2785,408
7321655,16181775,1895943,Graeme Simsion,3.92,270431,31965
7321655,17572903,281810,Jojo Moyes,4.10,608259,72355
7321655,15818107,157146,Christina Baker Kline,4.07,200047,21647
6345923,25779058,3106167,Marceline Loridan-Ivens,4.26,384,94
6082751,16390,7963,P.G. Wodehouse,4.19,230887,15759
6732714,11548,5244478,Robert McCammon,4.07,117915,7439
6394241,1191,792,Giada De Laurentiis,4.01,54748,646
6394241,7865987,2658,Ina Garten,4.20,109779,1150
6394241,509287,80487,Mario Batali,3.90,11732,581
6065416,63033,72039,Roberto Bolaño,3.98,79812,9026
7198052,8458018,27100,Michael Scott,4.03,346014,17026
7042649,207202,121215,Taste This,4.01,464,25
5989016,3636,2493,Lois Lowry,4.07,1857062,85086
6424576,10781746,2995341,Julia Amante,3.33,201,75
5959303,1885,1265,Jane Austen,4.08,3908768,105268
7210249,22878967,8427407,James Islington,4.15,4129,277
6311919,6045456,981834,Tom Rob Smith,3.91,78141,8503
7456854,7996,5329,Brian Jacques,4.03,425279,7096
7456854,201341,5329,Brian Jacques,4.03,425279,7096
7331120,292583,13199,Alain de Botton,3.80,67463,5730
7175683,588234,29581,Leslie Marmon Silko,3.80,17972,1433
6360562,10929,2331,Mitch Albom,3.97,1182153,54310
6360562,15931,2345,Nicholas Sparks,4.05,3988183,120921
6360562,2728527,1194527,Mary Ann Shaffer,4.11,372544,36794
6360562,4667024,1943477,Kathryn Stockett,4.45,1340355,74258
5792323,18373,11072,Daniel Keyes,4.03,287349,9582
5792323,32234,3540,Janet Fitch,3.89,232959,6192
5792323,106128,26372,Kathy Reichs,3.93,473154,23094
5792323,2812358,63607,Craig Johnson,4.21,80710,8975
5792323,236857,63607,Craig Johnson,4.21,80710,8975
5792323,236862,63607,Craig Johnson,4.21,80710,8975
5792323,109901,63607,Craig Johnson,4.21,80710,8975
5812486,4540563,4610601,Nuri N. Mohsenin,4.33,15,0
5664682,29999,16927,Dashiell Hammett,3.97,121695,6577
5630169,1549444,141989,Lewis Sorley,3.85,395,64
6595930,11735983,4039811,Veronica Roth,4.13,3496156,226565
6595930,3636,2493,Lois Lowry,4.07,1857065,85086
7110568,47558,21578,Edward Gorey,4.19,125107,4182
7110568,2784,29919,John Berger,3.76,146786,1586
7108108,33926,7375,Melissa Bank,3.27,117806,3590
7108108,452306,3681,Ann Brashares,3.74,761980,23977
7108108,42156,13370,Emily Giffin,3.76,967138,38188
7061171,1964409,526028,Jentezen Franklin,4.37,2997,230
5773270,48855,3720,Anne Frank,4.08,1757039,17606
5773270,30119,435477,Shel Silverstein,4.31,1980145,27147
5864297,169437,13235704,Natsume Sōseki,3.81,22853,2102
7043872,26077479,7279844,John Bude,3.45,1213,249
7043872,12872236,7849,Richard Ford,3.71,60833,6100
7043872,8149149,43530,Cynthia Ozick,3.73,21058,1850
7043872,48200,881203,Willa Cather,3.79,169297,11513
7270133,615570,13229,Julia Cameron,3.90,69648,2694
6359614,13023,8164,Lewis Carroll,4.06,852379,18065
7205260,3175753,270465,Robert Patrick,3.89,151,17
7308024,7260188,153394,Suzanne Collins,4.28,7884087,340485
7308024,6148028,153394,Suzanne Collins,4.28,7884087,340485
7308024,2767052,153394,Suzanne Collins,4.28,7884087,340485
7308024,3636,2493,Lois Lowry,4.07,1857066,85086
7308024,8520362,1401,Stephen Hawking,4.08,279113,9096
7308024,57951,8944,Robert Crais,4.12,201097,10816
7308024,2094,1401,Stephen Hawking,4.08,279113,9096
6017347,18710190,4039811,Veronica Roth,4.13,3496165,226565
6017347,11735983,4039811,Veronica Roth,4.13,3496165,226565
6271146,4667024,1943477,Kathryn Stockett,4.45,1340355,74258
6271146,370493,435477,Shel Silverstein,4.31,1980145,27147
6843452,16793,1221698,Neil Gaiman,4.13,3466755,191325
6843452,119322,3618,Philip Pullman,3.97,1515739,35504
6843452,4277525,1595500,Meenakshi Raman,4.06,230,14
6843452,10767466,2921970,Kate Beaton,4.19,32541,3028
6039700,1862313,16481,Richard Price,3.96,61093,4148
6039700,16703,2715,Michael Chabon,3.88,317445,27380
6039700,4907243,6468,Denis Johnson,3.84,56910,6000
6950045,7930947,231121,Dzogchen Ponlop,4.07,1213,94
6950045,7816264,228406,Jim Gorant,4.31,5710,920
6873661,6427,2384,Janet Evanovich,3.99,2511435,103641
5892629,201866,192891,Taslima Nasrin,3.38,3973,293
5892629,6289283,133538,Christopher McDougall,4.26,102222,10816
7033815,11367726,218843,William Landay,3.95,167735,16605
5916220,15791111,3348509,R.C. Ryan,3.91,5472,720
6956654,1819710,506630,Yukiya Sakuragi,4.13,2772,138
6682359,2403383,1073146,James C. Van Horne,3.86,173,13
6682359,381102,28699,Nick Bantock,4.06,67595,2456
6983936,20404905,134,Daniel Abraham,4.14,127074,6761
6983936,13642,874602,Ursula K. Le Guin,4.02,567764,25709
6983936,259836,869,Margaret Weis,3.99,487691,6939
6983936,261604,57461,Elizabeth Haydon,4.02,55917,1279
6983936,52629,10366,Clive Barker,4.08,376128,12648
6983936,8320534,4350009,Bryan J.L. Glass,4.42,37124,207
6488296,178955,8725,Tomie dePaola,4.13,102680,5145
6040645,15704486,38550,Brandon Sanderson,4.36,1411328,94700
6138628,6692041,5815562,Susan Abulhawa,4.32,10483,2023
5739036,83879,48031,Nils J. Nilsson,3.80,101,16
5739036,388014,220596,N.P. Padhy,3.98,52,3
5929597,194853,113628,Ann Llewellyn Evans,4.03,34,3
5929597,26950,16,Edith Wharton,3.76,285556,15339
5929597,18348,7190,Anaïs Nin,3.88,53160,2953
5929597,89841,51575,Colette,3.86,15684,1171
7105464,5297,3565,Oscar Wilde,4.08,1015739,29830
7105464,11857408,4725841,E.L. James,3.80,2581052,138317
6585809,5326,239579,Charles Dickens,3.85,2154686,56116
6585809,345234,133245,C. Keith Wilbur,3.84,134,24
6585809,574035,28671,Grace Livingston Hill,4.02,25380,1276
6585809,574130,28671,Grace Livingston Hill,4.02,25380,1276
6984151,8559047,21748,Ilona Andrews,4.26,564584,36710
6984151,15823480,128382,Leo Tolstoy,4.02,691106,30629
6538272,22557272,1063732,Paula Hawkins,3.84,551872,58194
6277744,806261,421967,Evan Marcus,3.50,18,1
6710253,6,1077326,J.K. Rowling,4.41,14677235,306795
6710253,5,1077326,J.K. Rowling,4.41,14677235,306795
6710253,15881,1077326,J.K. Rowling,4.41,14677235,306795
6723708,11588,3389,Stephen King,3.98,8628818,274212
7218052,18007564,6540057,Andy Weir,4.37,369240,51978
7218052,6137154,1373880,Kristin Cashore,4.09,442447,31876
6453987,99017,49306,Roger Gastman,4.23,510,52
6893858,24823,13987,Elfriede Dustin,3.76,88,6
6535269,13227677,5859036,Kenan Joseph Heise,3.65,34,6
6535269,13595458,703678,Chris Roush,3.72,18,0
6535269,11522828,28981,Richard Lederer,3.97,3443,325
5723867,23398625,9761936,J. Ryan Stradal,3.77,12399,2050
5723867,23492740,6984660,Sarah Bessey,4.00,3726,641
5723867,22875451,1141204,Heather Cocks,3.77,24368,3856
5723867,1934,1315,Louisa May Alcott,4.00,1313379,21555
5723867,22504623,9825164,Jessica N. Turner,3.58,1262,215
5723867,23317538,162578,Brené Brown,4.19,85513,7682
6475059,5348,721,John Grisham,3.86,3163072,91583
6475059,32499,721,John Grisham,3.86,3163072,91583
5737072,57320,12605,Mario Puzo,4.23,293184,6839
6079442,10818181,1996867,Nancy Jensen,3.30,2881,561
6718189,24817626,1825,Harper Lee,4.21,2880640,80343
6320112,18507827,7273922,Mira Jacob,3.98,6199,996
6320112,27161851,15038553,Alice   Adams,3.43,14,5
5678165,11869272,4992939,Katherine Boo,3.98,61737,8225
5678165,28459506,6894255,Katie Schmid,4.19,42,7
6652615,59265,33467,Jonathan Stroud,4.08,268662,12690
6652615,147565,85398,Scott Bowden,4.40,85,8
6652615,334123,33467,Jonathan Stroud,4.08,268662,12690
6652615,820480,80212,C.J. Sansom,4.13,84458,6793
6181315,25337081,17065,J.D. Robb,4.27,981913,37915
6181315,24611529,17065,J.D. Robb,4.27,981913,37915
6181315,22571696,17065,J.D. Robb,4.27,981913,37915
7495850,18304322,6433278,Julie   Murphy,3.72,17675,3572
7496769,7952502,4941,Brian Sibley,4.41,65672,870
7496769,119322,3618,Philip Pullman,3.97,1515745,35504
7307565,1479967,692656,Federico Moccia,3.41,23266,1247
6531190,2013503,2331,Mitch Albom,3.97,1182154,54310
6597114,4962153,36523,Allan Zullo,4.07,6876,778
6961126,24583,1244,Mark Twain,3.83,1743548,30387
7197359,17251444,4480131,Tiffany Reisz,4.33,88258,12440
7197359,15704485,4480131,Tiffany Reisz,4.33,88258,12440
7197359,13548075,4480131,Tiffany Reisz,4.33,88258,12440
6715361,6853,2384,Janet Evanovich,3.99,2511462,103642
6729665,2006754,6218,Sandra Brown,3.86,404907,25055
5782633,8680278,151371,Jenny Han,4.08,430033,44161
5782633,6584188,151371,Jenny Han,4.08,430033,44161
6475753,2,1077326,J.K. Rowling,4.41,14677300,306797
6192942,759945,4835679,David J. Schwartz,4.16,33531,840
7226199,11033232,367883,Barry Barnes,3.66,131,11
6726409,92303,3565,Oscar Wilde,4.08,1015742,29831
6726409,1622,947,William Shakespeare,3.85,4456538,65468
6726409,14942,6765,Virginia Woolf,3.79,524039,20367
6620238,1845,1235,Jon Krakauer,3.97,1002043,39477
6620238,252577,3347,Frank McCourt,4.00,444755,12955
6620238,8664353,30913,Laura Hillenbrand,4.38,500688,41913
6620238,48855,3720,Anne Frank,4.08,1757053,17606
6582577,2839,1949,Katherine Paterson,3.92,369321,12542
7404241,1428748,5342,Iron Crown Enterprises,3.64,269,5
5785957,17465453,11679,Elizabeth Gilbert,3.50,1200475,63756
5785957,18710190,4039811,Veronica Roth,4.13,3496195,226568
5785957,11735983,4039811,Veronica Roth,4.13,3496195,226568
5785957,13335037,4039811,Veronica Roth,4.13,3496195,226568
5785957,8045070,5234,Sena Jeter Naslund,3.91,42360,3804
5785957,16158558,625,Nora Roberts,4.05,2494351,83560
5785957,4671,3190,F. Scott Fitzgerald,3.86,2623577,58966
5785957,370493,435477,Shel Silverstein,4.31,1980150,27147
5785957,18131,106,Madeleine L'Engle,4.04,867804,26482
5785957,1232,815,Carlos Ruiz Zafón,4.08,422956,34855
7037700,12967561,250698,Elizabeth Fenwick,3.69,190,21
6406771,341879,196092,Patti Smith,4.09,106929,9040
6406771,114683,28811,Banksy,3.84,119036,657
6406771,2784,29919,John Berger,3.76,146787,1586
7480360,7994623,3466813,Mads Gilbert,4.46,119,12
7480360,41950,3532,Maeve Binchy,3.84,391778,21917
7480360,48855,3720,Anne Frank,4.08,1757055,17606
6310129,7148931,210456,Timothy Ferriss,3.79,79701,4716
6310129,7015635,2121,Michael Pollan,4.08,300472,26383
6080315,9969571,31712,Ernest Cline,4.21,298344,43343
7090992,20758092,8393399,Joanne Huist Smith,4.02,2161,504
6254492,14050,498072,Audrey Niffenegger,3.89,1244821,54478
6561067,300044,172977,Malorie Blackman,4.09,74484,4605
5848860,7331435,49625,Jennifer Egan,3.61,153804,17915
5872323,3430066,1435883,Nagaru Tanigawa,3.98,17703,781
6980435,16158596,18741,Max Barry,3.80,42347,5065
6980435,9736930,4470653,S.J. Watson,3.82,171819,17943
7358588,20920675,7890534,Bahaaldine Azarmi,4.10,10,8
6087059,37435,4711,Sue Monk Kidd,3.97,1057909,48859
6364721,16160797,383606,Robert Galbraith,3.91,396631,39606
7149156,7129588,203238,Jennifer Echols,3.84,146325,8672
6967825,15925,2345,Nicholas Sparks,4.05,3988236,120921
6580422,10356874,1049307,Rose MacDowell,3.25,697,152
6580422,110737,30913,Laura Hillenbrand,4.38,500689,41913
6580422,80570,10738,Koren Zailckas,3.51,24151,1833
6580422,84476,11214,Mary Gaitskill,3.74,19142,2195
5814165,8109130,3508354,Kelly Keaton,4.01,21124,1925
7476939,5303919,430695,Martin Bull,3.88,659,27
6363860,2666376,1172098,B.L. Theraja,4.07,2269,136
5646410,260025,869,Margaret Weis,3.99,487693,6939
5899461,6282753,1728,Orhan Pamuk,3.70,108619,10231
6072523,831793,36746,Lemony Snicket,3.92,1289936,38689
6545847,33,656983,J.R.R. Tolkien,4.29,5368828,79845
6545847,4395,585,John Steinbeck,3.88,2504129,64489
7322801,15818107,157146,Christina Baker Kline,4.07,200051,21648
7322801,33313,1124,Anthony Bourdain,3.92,192587,11996
7023199,6574915,21701,Mari Mancusi,3.88,40599,3176
6093702,297903,171858,Marva Collins,4.32,312,41
7385260,259836,869,Margaret Weis,3.99,487693,6939
6751385,1469401,688660,Will Bowen,3.89,1672,319
6751385,46676,26180,Harold S. Kushner,4.29,141205,7492
6751385,7015403,162578,Brené Brown,4.19,85515,7682
6540107,9816932,29085,Daniel Silva,4.14,251931,14100
6540107,84839,18282,Lisa Gardner,4.08,334024,19524
6540107,13137,3780,James Patterson,3.96,3843857,173376
6540107,17286662,36758,Naomi Ragen,3.79,11995,1397
6540107,16248311,62263,Kathleen Tessaro,3.80,27217,3177
6540107,7603,5151,Azar Nafisi,3.59,97665,6669
5837675,4191004,53793,Geronimo Stilton,4.11,133684,4602
5837675,10429045,4637539,Tahereh Mafi,4.19,386778,43877
7393819,30119,435477,Shel Silverstein,4.31,1980155,27147
7393819,11,4,Douglas Adams,4.18,1794451,34431
7393819,51740,28010,Chris Crutcher,3.90,45537,5232
7393819,6900,2331,Mitch Albom,3.97,1182156,54311
7393819,295,854076,Robert Louis Stevenson,3.82,672643,18300
7393819,4953,3371,Dave Eggers,3.74,437992,43327
7393819,5130,3487,Aldous Huxley,3.96,1094924,21272
7186617,14891,2327917,Betty  Smith,4.22,284577,14915
6576054,38980,11654,Meg Cabot,3.80,1506804,60561
7340774,369135,53597,Scarlett Thomas,3.65,23279,2861
7340774,17212231,630,Dan Brown,3.75,4538521,126778
7340774,9997906,4529768,William Giraldi,3.31,1331,332
7340774,4954,3371,Dave Eggers,3.74,437992,43327
7340774,95558,10991,Stanisław Lem,4.01,82667,3808
7019103,7260188,153394,Suzanne Collins,4.28,7884171,340485
5945280,171329,83131,Rosario Ferré,3.81,1978,129
5945280,11471933,2238,Isabel Allende,3.94,455076,24258
6552849,11739557,1359681,M. Frank Lyons II,2.78,9,3
6305497,228333,9222,Emma McLaughlin,3.35,331225,8196
6305497,227443,3090,Helen Fielding,3.67,794590,15679
7366702,33187,947,William Shakespeare,3.85,4456553,65468
7118354,133023,17029,Brian Azzarello,3.96,131781,5545
5693724,3,1077326,J.K. Rowling,4.41,14677385,306802
5693724,1381,903,Homer,3.75,934395,11955
5693724,1953,239579,Charles Dickens,3.85,2154703,56116
5693724,1934,1315,Louisa May Alcott,4.00,1313382,21555
7446695,11361213,1003249,Sam Sommers,3.74,994,144
6791229,7613,3706,George Orwell,3.98,3637973,71577
6719455,6512140,2526,Libba Bray,3.83,432428,35546
5989844,391003,59248,Ivan Brunetti,3.86,3561,393
6303929,7905092,2578,Jonathan Franzen,3.71,274491,24747
6303929,3805,2578,Jonathan Franzen,3.71,274491,24747
6303929,6334,4280,Kazuo Ishiguro,3.81,451543,33859
6303929,11,4,Douglas Adams,4.18,1794453,34431
6303929,5129,3487,Aldous Huxley,3.96,1094925,21272
5703753,6054449,2766469,Rachel Renée Russell,4.34,141929,6820
6712132,236093,3242,L. Frank Baum,3.95,385978,13691
6712132,24213,8164,Lewis Carroll,4.06,852384,18065
6712132,93101,5158478,Anonymous,4.13,803538,38435
6261119,12324715,51588,Mary Casanova,3.90,6477,867
6261119,12324716,51588,Mary Casanova,3.90,6477,867
6261119,267641,42016,Lauren Child,4.10,34856,3158
7479855,13247046,3285599,Margaret Dilloway,3.63,12312,1697
7330171,2767052,153394,Suzanne Collins,4.28,7884179,340485
6964525,68427,38550,Brandon Sanderson,4.36,1411374,94702
5912788,667,432,Ayn Rand,3.73,642564,31141
6389853,3227063,1370283,Brent Weeks,4.27,342198,11345
6389853,10611,3389,Stephen King,3.98,8628899,274215
6389853,29127,1067608,Peter S. Beagle,4.07,122447,8054
7348357,153008,9237,Jacqueline Carey,4.13,204278,10429
7199846,3612448,7142911,الحكيم الترمذي,3.93,58,12
6127427,4407,1221698,Neil Gaiman,4.13,3466808,191329
6127427,17234658,1192311,Claudia Gray,3.80,234949,16516
5903548,1622930,4542147,Victor L. Wooten,4.11,1940,169
6729450,6486483,15463,Travis Bradberry,3.76,47343,676
6729450,12568594,726854,Craig A. Hart,3.80,260,48
7042298,2429135,706255,Stieg Larsson,4.13,2695476,122086
6974887,16141427,3241992,Karen Azinger,4.26,628,104
6974887,99298,1077326,J.K. Rowling,4.41,14677421,306803
6974887,13664713,3241992,Karen Azinger,4.26,628,104
6724945,209682,2998,Bentley Little,3.75,43496,2776
6724945,52629,10366,Clive Barker,4.08,376128,12648
6724945,52644,10366,Clive Barker,4.08,376128,12648
6724945,34871,19710,Chris Ryall,4.13,18160,349
6598964,673388,218569,Donald Michael Kraig,3.93,1409,55
6951415,233649,6252,Robert Jordan,4.14,1505901,33298
6951415,34,656983,J.R.R. Tolkien,4.29,5368850,79845
6951415,182425,9355,Dean Koontz,3.88,1780518,65619
6951415,7661,5194,Michael Crichton,3.76,1722454,37153
7193536,49041,941441,Stephenie Meyer,3.64,7836954,277381
7193536,191139,61105,Dr. Seuss,4.23,2227017,36277
7193536,233093,61105,Dr. Seuss,4.23,2227017,36277
7193536,3636,2493,Lois Lowry,4.07,1857096,85086
5938397,599090,3231,George Lucas,4.03,44418,1392
6276904,12351174,165168,Derek Landy,4.37,121481,7645
6801157,3333745,1069006,C.S. Lewis,4.11,3729688,79068
6801157,67862,55813,Parker J. Palmer,4.13,10538,1013
6725863,78129,5091,Lee Child,4.05,1008474,53291
6725863,199796,46097,Richard Paul Evans,4.12,211116,23392
6725863,11551005,48437,Matt Doeden,3.77,1193,305
7465996,252577,3347,Frank McCourt,4.00,444759,12955
7465996,10569,3389,Stephen King,3.98,8628906,274215
6890631,5392569,207337,Patti Callahan Henry,3.77,16052,2004
6890631,37739,12942,Judy Blume,3.86,647992,25521
6993212,12262741,155717,Cheryl Strayed,3.96,357449,35716
6993212,3730554,1588088,Maria Semple,3.89,208339,24973
7217890,6791785,3051260,James L. Rubart,3.97,6082,1083
7293335,97010,2856822,Osho,4.20,37310,2350
6270635,30659,17212,Marcus Aurelius,4.18,39876,1722
6270635,5297,3565,Oscar Wilde,4.08,1015753,29831
6091845,37095,20849,Rosamunde Pilcher,4.06,132761,4639
6091845,227443,3090,Helen Fielding,3.67,794591,15679
6091845,5470,3706,George Orwell,3.98,3637977,71577
6091845,18405,11081,Margaret Mitchell,4.27,804365,14643
6091845,14935,1265,Jane Austen,4.08,3908829,105268
6091845,41865,941441,Stephenie Meyer,3.64,7836955,277381
5753814,754713,2448,Arthur Conan Doyle,4.20,1141507,32897
5753814,608474,2448,Arthur Conan Doyle,4.20,1141507,32897
6599928,13697024,13078,Kingsley Amis,3.68,29955,2418
6017719,1220507,4465322,Alaa Al Aswany,3.47,48265,4884
6197484,8492856,2987,Sarah Dessen,4.01,1107095,48672
5747956,8755776,150038,Cassandra Clare,4.26,4083842,224241
5747956,370493,435477,Shel Silverstein,4.31,1980158,27147
5747956,1162543,941441,Stephenie Meyer,3.64,7836955,277381
6091568,14935,1265,Jane Austen,4.08,3908829,105268
6091568,10210,1036615,Charlotte Brontë,4.06,1225923,31152
6091568,1885,1265,Jane Austen,4.08,3908829,105268
5692914,20701984,184459,Cece Bell,4.03,28239,3616
6018786,6304335,2895706,Kami Garcia,3.82,690674,40853
6651580,427282,4187,Primo Levi,4.28,51813,2415
6961357,10285809,4597867,Laurel Ann Nattress,3.68,1149,221
5700243,24178,988142,E.B. White,4.11,1088522,17730
5700243,37442,7025,Gregory Maguire,3.50,721744,39787
5788616,10572,346732,George R.R. Martin,4.36,3400327,140773
6325064,900267,11047,Masashi Kishimoto,4.39,416677,5365
6421490,206962,61105,Dr. Seuss,4.23,2227024,36277
6421490,16136599,17015,P.C. Cast,3.94,1662268,49453
5979764,8442457,2383,Gillian Flynn,3.96,1866346,167371
7244953,17857644,6942,Pat Conroy,4.12,286164,15475
7244953,8459594,878601,Gabrielle Hamilton,3.69,23869,3138
7109321,8445273,341696,John Medina,4.02,21385,1689
7109321,3860977,428923,Jonah Lehrer,3.78,59841,3606
7109321,9378733,1218,Jon Ronson,3.87,110040,9179
6607575,127706,73280,M.R. Narayan Swamy,3.84,70,9
6459511,637086,2904800,Dana  Davidson,4.14,2548,239
6459511,100464,15873,Cornelia Funke,3.88,582148,24517
6459511,47881,6206,Jenny Nimmo,3.89,146649,4556
6459511,334038,46474,Patrick Carman,3.93,116485,6925
6459511,1891296,179712,Chris d'Lacey,3.92,74558,3228
7053161,7445,3275,Jeannette Walls,4.16,719212,51601
5628919,7148256,9987,Philippa Gregory,3.88,1032868,55634
5628919,2241558,9987,Philippa Gregory,3.88,1032868,55634
5628919,37470,9987,Philippa Gregory,3.88,1032868,55634
5628919,16181,9987,Philippa Gregory,3.88,1032868,55634
5628919,9977379,2672,Laura Dave,3.54,17727,2264
5628919,48855,3720,Anne Frank,4.08,1757077,17606
5628919,2956,1244,Mark Twain,3.83,1743562,30387
5749843,137791,3489,Rebecca Wells,3.75,485529,6214
5749843,227443,3090,Helen Fielding,3.67,794592,15679
6618722,17802724,322069,Liane Moriarty,3.96,654139,61384
6618722,15998338,6523227,Turney Duff,3.91,1927,183
6618722,6224935,26163,Jonathan Tropper,3.86,144908,15831
6368729,2051483,25031,Marc Brown,4.08,68044,3480
7389315,822367,428923,Jonah Lehrer,3.78,59841,3606
7389315,29254,14525,Ram Dass,4.24,21732,957
7389315,170548,2693,Richard Carlson,3.92,67128,1904
7389315,6796675,417985,Rick Hanson,3.97,7544,660
5690755,15811630,18819,Joanne Fluke,3.79,178750,12013
5690755,10964,3617,Diana Gabaldon,4.24,1336420,78655
6992543,25179,14151,Craig Thompson,4.04,119144,9290
7030920,9642662,53088,Patrick McDonnell,4.19,22860,2986
7030920,17157,6582,Antonia Fraser,3.94,59049,2471
7030920,10335308,194416,Mindy Kaling,3.85,300439,21739
7030920,19501,11679,Elizabeth Gilbert,3.50,1200496,63757
6914768,7132363,1956402,Daniel Suarez,4.12,57762,5142
6914768,4699575,1956402,Daniel Suarez,4.12,57762,5142
6914768,6148028,153394,Suzanne Collins,4.28,7884248,340490
6914768,7260188,153394,Suzanne Collins,4.28,7884248,340490
6914768,2767052,153394,Suzanne Collins,4.28,7884248,340490
6914768,61179,12534,Larry Niven,3.89,340119,10454
6914768,6359434,10896,Eoin Colfer,3.91,959090,28646
6447678,862041,1077326,J.K. Rowling,4.41,14677562,306813
6447678,74757,988142,E.B. White,4.11,1088529,17730
6447678,207798,121579,Kirby Larson,4.00,20323,3337
5701515,1491906,4315245,Sudhir Venkatesh,3.94,16460,1613
5701515,2203,6281688,David McCullough,4.08,401326,20200
5701515,1067,6281688,David McCullough,4.08,401326,20200
5701515,681941,57798,Robert Wright,3.98,12269,973
5701515,1124380,57798,Robert Wright,3.98,12269,973
6294957,6596,4402,Miguel Ruiz,4.14,125389,6212
6536017,19063,11466,Markus Zusak,4.33,1110323,93944
7400179,1614242,549282,Aki Shimazaki,4.00,1035,84
6680733,44184,13291,Walter Dean Myers,3.74,96819,12690
6092017,468667,2960,Wayne W. Dyer,4.17,96108,4362
6198247,18135,947,William Shakespeare,3.85,4456603,65469
6199929,5271066,2232265,Michelle Zink,3.66,30540,3557
6698767,25039618,5005598,Naoshi Komi,4.13,6307,332
6795327,40102,1439,Malcolm Gladwell,3.92,1163047,48276
6263556,2033217,29085,Daniel Silva,4.14,251936,14101
5800181,5241052,2194490,Ahmed Djebbar,4.43,14,3
6111705,17214,205,Robert A. Heinlein,3.91,805454,22093
6111705,32499,721,John Grisham,3.86,3163099,91582
6111705,5358,721,John Grisham,3.86,3163099,91582
6111705,5359,721,John Grisham,3.86,3163099,91582
6546830,13812,8588,Raymond E. Feist,4.10,582285,7907
6688216,37301,4610,John Sandford,4.13,505416,23130
6445161,20662430,3064305,Hugh Howey,4.16,356835,28583
6424590,32506,12470,Michael Connelly,4.07,986253,45910
6424590,2373,1612,Jeffery Deaver,3.99,352712,17808
6424590,1178039,3621,Steve Berry,3.85,212083,12530
6424590,5509321,9291,David Baldacci,4.00,824119,47569
6171238,11870085,1406384,John Green,4.14,3743835,252377
5922493,137791,3489,Rebecca Wells,3.75,485530,6214
6640281,34,656983,J.R.R. Tolkien,4.29,5368892,79846
6305000,12232938,316,Alice Sebold,3.73,1569766,42521
6947942,253264,41992,Jerome Lawrence,3.94,18082,725
5845013,6131164,150038,Cassandra Clare,4.26,4083935,224248
5845013,1953,239579,Charles Dickens,3.85,2154724,56117
5845013,19501,11679,Elizabeth Gilbert,3.50,1200499,63757
5976372,28116,963811,A.J. Jacobs,3.75,86188,9640
7499744,8581936,3027554,Kiersten White,3.88,174982,18622
7499744,7719245,3027554,Kiersten White,3.88,174982,18622
5905800,17262366,7,Bill Bryson,4.01,829213,49933
5905800,17851885,7064545,Malala Yousafzai,4.02,139110,10919
6263341,1321926,5534755,Soji Shimada,3.88,1620,281
6539082,3457715,157676,Lauren Myracle,3.73,172867,17811
7431553,6339664,2876763,Becca Fitzpatrick,4.09,896912,46219
7431553,9279384,4343115,Heather Huffman,3.70,9414,981
7431553,13104080,4637539,Tahereh Mafi,4.19,386782,43877
6895312,154798,12736,Mark Millar,3.98,193656,8036
5637043,6320534,3389,Stephen King,3.98,8628964,274217
6730377,60748,1881,Dave Pelzer,4.06,383663,16459
6730377,97408,55943,Natasha Friend,3.78,22930,2376
5902404,12211971,38156,Antonio Mira de Amescua,4.00,28,0
5902404,12211966,1453124,Pierre Bec,4.00,4,0
5902404,12211965,349891,Antoine Faivre,4.05,129,8
5902404,12211963,1923146,Albert Babeau,0.0,0,0
7284968,15196,5117,Art Spiegelman,4.34,348492,12607
7284968,361459,19038,Kay Redfield Jamison,4.01,46843,2656
7284968,12691,8002,John Grogan,4.10,338952,14265
6702643,106727,9826601,Christopher W. Alexander,4.31,5124,408
6932356,82748,6104,Marian Keyes,3.75,405989,13403
6204789,5147558,2129062,Joseph Y. Hui,3.00,2,0
6577567,36072,1538,Stephen R. Covey,3.99,299784,6809
6914043,13145,3780,James Patterson,3.96,3843894,173378
7423203,25881018,2777016,J.S. Scott,3.98,109695,6616
6800288,26025580,2383,Gillian Flynn,3.96,1866369,167371
7419667,472331,3961,Alan Moore,4.22,889169,26195
5853110,21996,5869,Erik Larson,3.93,498398,44706
6330336,24178,988142,E.B. White,4.11,1088532,17730
5876702,2170979,3502,Alice Hoffman,3.76,305434,31241
5876702,6405929,3780,James Patterson,3.96,3843895,173378
5876702,32501,12470,Michael Connelly,4.07,986256,45910
6079353,10347025,37826,Ananya Roy,3.93,110,10
6079353,8072073,37826,Ananya Roy,3.93,110,10
6249593,52635,10366,Clive Barker,4.08,376131,12649
6249593,14201,8842,Susanna Clarke,3.81,151868,11511
6455125,240130,6039100,Robert Munsch,4.27,210242,7041
6455125,32979,6001,Carolyn Keene,3.88,469227,12204
6455125,38709,6569,Louis Sachar,3.94,834861,22191
5741217,17690,5223,Franz Kafka,3.87,627248,17735
6029465,11486,7380,Alice Walker,4.13,422548,10512
6029465,6723017,615274,Kate Morton,4.04,357090,40105
6029465,9951003,4519652,Juliet Grey,3.80,5731,753
6029465,42156,13370,Emily Giffin,3.76,967171,38188
6969590,236754,138476,Victor Martinez,3.31,1452,208
6316859,1885,1265,Jane Austen,4.08,3908874,105269
6316859,24178,988142,E.B. White,4.11,1088533,17730
7399441,62291,346732,George R.R. Martin,4.36,3400387,140775
