book_isbn,avg_rating,five_rating,four_rating,three_rating,two_rating,one_rating
0062200941,4.5,63,27,7,2,1
038572179X,3.9,48,22,12,9,9
0143038419,3.7,49,16,9,8,18
0061239968,4.0,27,46,27,0,0
0399155341,4.7,81,12,3,2,2
1400065747,4.0,47,29,12,5,7
0340976861,4.2,57,22,9,6,6
0060959037,4.1,54,24,10,6,6
0060921145,4.3,60,22,7,5,6
0060852550,4.3,66,15,8,6,5
0812474945,4.2,52,29,10,4,5
0060786507,4.3,60,21,9,5,5
1565125606,4.4,66,20,7,4,3
0670021652,3.7,43,21,15,10,11
0060504080,4.3,71,10,6,6,7
0060917016,4.3,54,27,14,5,0
0571179509,4.4,69,13,8,5,5
0060852577,4.1,55,19,10,9,7
1932234446,4.5,80,6,6,0,7
193223456X,4.7,71,26,1,2,0
0452284244,4.4,66,22,7,2,3
0385333846,4.2,59,21,10,5,5
0142437247,4.1,59,16,11,6,8
0307277674,3.8,49,17,11,9,14
1594480001,4.6,73,17,5,3,2
0450040186,4.7,78,15,4,2,1
0099446782,4.7,77,17,4,1,1
0060838582,4.3,60,26,7,3,4
0307347974,4.4,63,20,10,7,0
0345391802,4.4,69,16,7,4,4
0679879242,4.5,72,15,6,3,4
0439554934,4.8,86,9,3,1,1
0142000671,4.4,63,23,8,3,3
0743273567,4.2,58,22,10,5,5
0316769177,4.0,56,16,10,8,10
0061120081,4.7,82,11,3,2,2
0802717705,4.7,69,31,0,0,0
0525951571,4.4,63,25,6,4,2
0385339607,4.4,60,26,8,4,2
0099446782,4.7,77,17,4,1,1
0618346252,4.6,81,9,4,3,3
0385537859,4.0,44,26,18,7,5
0345366239,4.0,55,15,9,12,9
0307886263,4.3,59,24,11,4,2
0743297334,3.8,45,20,15,9,11
0316056863,4.3,59,21,11,6,3
0446577251,3.6,34,25,16,13,12
0064400018,4.7,81,14,3,1,1
031612558X,4.0,52,22,13,6,7
0316068047,4.4,66,20,7,3,4
031606792X,3.8,55,12,8,8,17
0316160202,4.4,70,14,7,4,5
0316160199,4.3,64,16,9,5,6
0316015849,4.1,65,11,7,5,12
0385738935,3.9,43,25,15,10,7
0451227190,4.6,65,31,4,0,0
0451225724,4.7,75,22,3,0,0
0451224639,4.6,66,27,5,2,0
0451222385,4.5,65,26,7,1,1
0451220897,4.3,55,28,15,1,1
0451219945,4.2,48,29,17,4,2
1841493007,4.3,52,31,11,4,2
0441008534,4.1,52,24,12,7,5
1878067583,3.9,37,42,5,5,11
0061176052,4.2,57,21,11,6,5
0425280764,4.2,38,45,17,0,0
0425269582,4.7,66,34,0,0,0
0425269574,4.4,61,26,8,4,1
0451471334,4.5,66,25,6,3,0
0786034076,3.9,38,31,19,4,8
0425256634,4.1,46,36,9,4,5
1781082014,4.4,62,20,14,2,2
0141301066,4.7,80,13,4,1,2
0439959365,4.4,57,29,14,0,0
0590552902,4.9,86,14,0,0,0
0440228654,4.6,71,20,5,3,1
0767903579,4.1,55,22,13,5,5
0743272498,3.9,43,28,15,9,5
9628746472,2.0,0,0,0,100,0
0751515019,4.5,50,50,0,0,0
0143038095,4.2,56,28,7,3,6
0812968069,4.5,66,24,7,2,1
0590558250,5.0,100,0,0,0,0
0439953960,4.0,65,7,7,7,14
0590557092,4.6,69,25,6,0,0
0590552899,4.6,65,29,6,0,0
1585425680,3.0,18,29,15,16,22
0345418263,4.4,70,14,8,4,4
0316015849,4.1,65,11,7,5,12
0307275558,3.0,20,22,19,18,21
0679783261,4.5,72,14,6,3,5
0679879242,4.5,72,15,6,3,4
0316166685,3.9,47,24,12,9,8
0739326228,4.4,68,18,7,4,3
0743477111,4.2,64,22,0,0,14
0452284244,4.4,66,22,7,2,3
0061120081,4.7,82,11,3,2,2
0007149824,3.7,37,28,15,10,10
1573226068,4.3,60,21,10,6,3
0743454537,4.2,57,22,9,6,6
0446578843,4.4,71,13,6,4,6
0312282990,4.2,61,18,10,7,4
006117758X,4.3,64,20,6,4,6
0802130208,4.2,64,13,7,6,10
0671741039,4.6,79,11,5,3,2
0451191153,4.2,64,15,8,4,9
0452011876,4.2,64,14,8,5,9
0451530179,4.5,67,20,7,4,2
0143058142,4.3,65,16,9,4,6
0345417976,4.4,71,14,6,5,4
184243036X,3.9,47,23,12,8,10
006621131X,4.4,65,18,8,5,4
0345522478,4.4,61,27,7,3,2
0440238609,4.2,64,14,7,5,10
0316033677,4.2,56,25,7,6,6
0618346252,4.6,81,9,4,3,3
0345503805,4.2,56,22,11,7,4
0066238501,4.7,80,12,4,2,2
043965548X,4.8,85,9,3,1,2
0439064864,4.7,80,13,4,1,2
0439358078,4.5,71,16,7,4,2
0545010225,4.8,85,9,3,1,2
0791071685,4.3,62,21,10,3,4
0385738773,4.2,55,23,12,6,4
0385738757,4.4,61,24,10,3,2
0385737947,4.3,58,26,10,4,2
0451464400,4.8,80,16,3,1,0
045146317X,4.7,80,12,4,2,2
0451462564,4.7,77,18,4,0,1
0451461894,4.7,75,18,4,2,1
0451461401,4.7,81,15,2,0,2
0451461037,4.7,76,22,2,0,0
0099490935,4.2,49,25,19,5,2
0099465639,4.5,73,16,6,2,3
1434764958,4.4,52,41,3,4,0
0345543122,4.4,60,27,9,3,1
0061259349,4.3,52,32,11,4,1
1574410792,3.8,27,46,18,0,9
1400068932,4.3,56,28,8,4,4
0312291639,3.6,35,28,15,11,11
0440241413,4.2,56,23,8,6,7
0060929871,4.2,55,25,10,6,4
0451524934,4.5,71,17,7,2,3
0141439661,4.3,62,20,10,3,5
0142437204,4.4,68,17,7,3,5
0679783261,4.5,72,14,6,3,5
0439554934,4.8,86,9,3,1,1
0553296981,4.6,74,16,5,2,3
0307277674,3.8,49,17,11,9,14
0060786507,4.3,60,21,9,5,5
0140449264,4.6,78,11,5,2,4
0141439602,4.3,62,20,9,4,5
0553378651,4.5,72,15,6,3,4
0778329968,3.9,41,30,14,6,9
0307932230,4.0,52,18,13,9,8
0310276330,4.7,83,10,4,1,2
0345505336,4.4,63,24,8,3,2
0316769177,4.0,56,16,10,8,10
0140328696,4.7,78,16,3,1,2
038533348X,4.3,62,21,10,3,4
0345453751,4.2,61,15,10,7,7
0345418263,4.4,70,14,8,4,4
0525457585,4.7,79,13,5,1,2
0142000698,3.8,40,26,15,8,11
0452284244,4.4,66,22,7,2,3
0836204387,4.8,90,6,2,1,1
0385334206,4.2,60,19,10,4,7
0836220889,4.8,90,6,2,1,1
0836218051,4.8,91,6,0,1,2
1400049628,4.4,65,20,8,3,4
0345461460,2.4,25,12,0,0,63
0316015849,4.1,65,11,7,5,12
0765341840,4.0,55,16,13,6,10
0743477545,4.4,69,17,7,3,4
0439064864,4.7,80,13,4,1,2
0691096120,4.2,64,12,9,5,10
0142437336,4.1,51,28,9,5,7
0743477103,4.3,66,17,7,4,6
0345347676,4.7,83,13,0,0,4
0743297334,3.8,45,20,15,9,11
0316033677,4.2,56,25,7,6,6
0451222350,4.2,58,21,12,6,3
0451412354,4.5,69,21,7,2,1
0449911802,4.1,46,36,7,7,4
080411918X,4.1,45,34,11,4,6
0449911608,4.2,51,32,9,4,4
0374230641,4.0,45,33,0,22,0
0374524807,4.2,52,21,22,5,0
0374506809,4.7,71,25,4,0,0
0767915607,4.4,60,27,6,4,3
0061452297,4.4,60,20,17,3,0
1401323820,4.2,49,31,13,3,4
0486299929,4.5,71,23,0,0,6
0837195780,4.4,68,19,6,0,7
0802130593,3.8,44,5,45,0,6
0316041440,4.6,69,23,6,0,2
0440227534,4.7,78,17,3,1,1
0099409968,4.0,51,19,15,7,8
0972169539,4.7,82,9,9,0,0
0972169520,4.7,90,3,0,0,7
0972169504,4.7,87,7,1,2,3
1592402038,4.1,54,24,9,7,6
0763625299,4.4,69,17,5,3,6
0312424094,3.8,46,18,14,10,12
0743482751,4.2,57,25,8,5,5
0060775823,4.5,77,9,5,3,6
0142402494,4.6,79,11,6,2,2
0440416795,4.3,66,16,5,5,8
0679433139,4.2,69,10,6,5,10
0812550706,4.6,72,18,6,2,2
0375836675,4.3,57,27,9,4,3
0849946158,4.5,77,11,5,2,5
0316018740,4.4,63,21,9,3,4
1598879278,3.7,37,24,16,13,10
0842329218,4.1,60,17,9,6,8
0842342702,4.1,64,13,7,4,12
014038572X,4.6,75,18,4,1,2
0375806814,4.7,81,12,3,1,3
0786851627,4.7,78,17,4,1,0
0142405736,4.5,66,27,4,1,2
0439023491,4.7,76,18,4,1,1
0439023513,4.3,62,19,10,5,4
0439023483,4.6,77,16,4,1,2
1594744769,4.3,55,27,12,4,2
1906124760,4.2,54,31,7,0,8
0932633692,4.3,56,28,11,0,5
0812550706,4.6,72,18,6,2,2
0670026603,4.6,73,19,5,2,1
0743418735,4.0,50,22,11,10,7
0743454553,3.8,39,29,15,8,9
0743496744,3.8,40,23,16,14,7
0743496728,4.3,60,23,9,4,4
0743454537,4.2,57,22,9,6,6
0062012983,3.4,40,15,8,16,21
1401302629,3.8,46,20,11,13,10
0874771218,4.3,68,14,7,6,5
0609809547,4.2,61,19,8,5,7
0307275558,3.0,20,22,19,18,21
0553816713,4.3,67,14,6,4,9
0965818675,4.0,56,17,10,8,9
1594480001,4.6,73,17,5,3,2
0060838582,4.3,60,26,7,3,4
0451205766,4.7,82,12,4,1,1
0613713346,0.0,0,0,0,0,0
0312647034,4.8,77,23,0,0,0
0312647026,4.1,44,32,15,6,3
023075063X,4.5,61,29,8,2,0
0061990639,4.4,54,34,7,4,1
0553579274,4.0,45,24,19,7,5
0060525266,4.6,67,27,6,0,0
0330420135,4.1,48,31,12,5,4
055357924X,4.3,49,34,13,4,0
0553579304,4.5,63,27,4,6,0
0060525274,4.6,66,26,8,0,0
0060789573,4.5,63,29,7,1,0
0060789557,4.3,49,35,15,1,0
0060534397,4.4,49,43,7,0,1
0061287512,4.5,63,26,10,0,1
0061150401,4.4,57,32,6,5,0
0061287539,4.5,64,22,9,3,2
0060534389,4.2,42,41,12,3,2
0609806505,3.1,27,16,15,18,24
0609809105,4.0,50,21,14,7,8
0061626317,3.9,44,23,18,13,2
1101875100,4.2,62,15,11,5,7
0385352123,4.2,49,26,20,4,1
0374379939,4.0,49,26,12,7,6
0545812542,4.5,68,23,6,1,2
141970785X,4.3,33,67,0,0,0
1594486638,4.5,70,17,6,3,4
0061961086,4.6,75,14,6,4,1
0786812400,4.7,81,14,3,1,1
0763616052,4.7,78,16,4,1,1
0141301066,4.7,80,13,4,1,2
1616955600,4.4,67,22,4,3,4
0545448689,4.0,59,14,9,6,12
0385743173,4.5,60,36,3,1,0
0544129660,3.7,28,36,19,14,3
0679643753,3.9,42,28,16,6,8
0525428437,4.7,76,21,2,0,1
1572931574,4.8,86,8,3,2,1
020107981X,4.7,86,5,6,0,3
0446572993,4.4,60,29,7,2,2
0451179803,4.1,54,20,11,11,4
0451204727,4.6,77,15,4,3,1
0340686014,4.2,57,23,10,6,4
0451208765,3.4,33,20,17,14,16
0743292510,4.3,59,22,8,6,5
0340770066,4.3,56,26,11,5,2
0743454146,3.9,48,20,14,11,7
0743292502,3.7,42,22,14,10,12
0451206525,4.3,53,30,10,4,3
0340686030,4.5,67,24,6,2,1
0743292499,4.4,60,27,7,4,2
0743454154,4.4,60,28,6,4,2
0743454162,4.3,56,27,9,3,5
0446516694,4.3,61,18,8,10,3
075532174X,4.6,70,18,12,0,0
0446364428,4.0,48,24,10,14,4
0449203913,3.7,40,10,35,5,10
0446611948,3.8,28,37,26,4,5
0446606960,3.5,43,10,17,15,15
0679745580,4.5,67,22,7,2,2
0452284244,4.4,66,22,7,2,3
0307886263,4.3,59,24,11,4,2
074324754X,4.6,75,16,5,2,2
1400052173,4.6,71,19,6,2,2
0553296981,4.6,74,16,5,2,3
0142501557,4.4,64,21,9,5,1
0671027344,4.5,70,18,6,3,3
0312321198,4.1,54,22,10,6,8
0140389660,4.3,60,24,8,3,5
1416934006,4.1,55,21,11,6,7
014038572X,4.6,75,18,4,1,2
1416953884,4.8,87,8,3,1,1
0440975344,4.2,52,30,8,6,4
0142410977,4.5,66,24,7,2,1
0316068047,4.4,66,20,7,3,4
037584614X,4.1,50,28,11,7,4
0375844414,4.0,45,26,13,13,3
0440978505,4.4,64,21,8,4,3
014241493X,4.1,52,24,14,6,4
014241543X,4.2,55,24,12,5,4
0142420891,4.5,67,21,8,3,1
0525426582,4.4,58,27,10,3,2
0312348649,4.0,46,25,15,9,5
0743418174,4.0,51,23,10,8,8
1476751803,4.6,71,21,5,2,1
1250077001,4.5,78,8,4,5,5
0062268341,4.1,56,19,12,7,6
0374529531,4.2,57,23,7,5,8
162336518X,4.2,62,14,9,6,9
1101946342,4.2,63,15,10,5,7
1101983795,4.3,62,15,13,8,2
0192835084,4.5,69,23,0,0,8
1844080382,4.4,65,20,8,3,4
0192833596,4.1,59,20,7,5,9
0142437239,4.4,66,18,7,3,6
0375814256,4.6,79,14,2,2,3
0141318309,4.5,67,20,9,2,2
0590032496,4.5,73,18,2,2,5
0142403881,4.7,78,16,3,1,2
0141301066,4.7,80,13,4,1,2
0385074077,4.6,76,13,4,3,4
0142437263,4.0,50,22,13,6,9
0743477103,4.3,66,17,7,4,6
0143039954,4.4,70,15,6,3,6
0743477111,4.2,64,22,0,0,14
0140449264,4.6,78,11,5,2,4
0452284244,4.4,66,22,7,2,3
0439554934,4.8,86,9,3,1,1
0060256656,4.5,81,6,3,2,8
0440995779,4.4,68,18,6,3,5
0870708937,4.0,50,0,50,0,0
0553213105,4.5,72,14,6,3,5
0553213105,4.5,72,14,6,3,5
014028009X,4.1,53,23,11,7,6
0307275558,3.0,20,22,19,18,21
0440241413,4.2,56,23,8,6,7
0141439661,4.3,62,20,10,3,5
0142437204,4.4,68,17,7,3,5
0965818675,4.0,56,17,10,8,9
0316015849,4.1,65,11,7,5,12
0679879242,4.5,72,15,6,3,4
0618260307,4.7,81,13,3,1,2
0618346252,4.6,81,9,4,3,3
0450040186,4.7,78,15,4,2,1
0307277674,3.8,49,17,11,9,14
0316166685,3.9,47,24,12,9,8
0739326228,4.4,68,18,7,4,3
0140283331,4.0,50,24,12,6,8
0451529308,4.4,69,16,7,3,5
0452284244,4.4,66,22,7,2,3
0316769177,4.0,56,16,10,8,10
0061120081,4.7,82,11,3,2,2
0399155341,4.7,81,12,3,2,2
0316098337,4.3,57,24,10,5,4
0446534943,4.1,62,15,2,8,13
0446581143,4.1,55,20,11,7,7
0525951652,4.3,60,22,8,3,7
7508621158,0.0,0,0,0,0,0
0061007226,4.6,75,16,5,2,2
0743455967,4.7,77,17,3,2,1
0553588257,4.0,45,28,15,8,4
0689873255,4.5,71,17,9,0,3
0060522879,4.5,69,14,17,0,0
031606792X,3.8,55,12,8,8,17
0316160202,4.4,70,14,7,4,5
0316160199,4.3,64,16,9,5,6
0778324214,3.7,35,29,17,9,10
1847371663,4.7,79,13,4,2,2
0865164215,4.7,79,16,5,0,0
0312422156,4.3,61,20,9,5,5
0439358078,4.5,71,16,7,4,2
0439064864,4.7,80,13,4,1,2
0439785960,4.5,71,15,7,4,3
0439139600,4.8,86,9,3,1,1
043965548X,4.8,85,9,3,1,2
0545010225,4.8,85,9,3,1,2
0759530432,4.4,67,20,6,0,7
0062061879,4.7,84,7,3,2,4
0316017922,4.4,61,24,8,3,4
0547564651,4.4,63,22,9,4,2
0316346624,4.2,53,27,10,5,5
0316010669,3.9,44,26,15,8,7
0156030306,4.6,71,23,4,1,1
0060510862,4.3,57,26,10,4,3
0553283685,4.3,62,20,9,6,3
0553278223,4.3,62,19,10,6,3
0553380958,4.1,53,24,11,7,5
0451207149,4.4,69,15,6,4,6
0739326228,4.4,68,18,7,4,3
0451204891,4.4,52,38,8,2,0
0099448769,4.3,57,26,11,4,2
0679420290,4.3,65,16,9,4,6
0021077010,0.0,0,0,0,0,0
0441784224,4.1,45,22,33,0,0
0020077661,0.0,0,0,0,0,0
0060962526,4.8,82,15,1,1,1
0062502077,0.0,0,0,0,0,0
082640667X,0.0,0,0,0,0,0
1596271329,3.8,42,33,8,0,17
0826408036,4.8,75,25,0,0,0
0310276993,4.0,61,12,7,6,14
0310226058,4.1,62,13,8,7,10
0785263705,4.2,60,19,6,7,8
0142437263,4.0,50,22,13,6,9
0751529818,4.5,75,14,4,3,4
0385729332,4.6,71,22,3,2,2
0345486927,4.6,75,16,6,1,2
1594489424,3.9,52,17,11,9,11
0807067970,4.5,75,10,5,10,0
0449911683,4.5,73,17,6,1,3
0679457313,3.9,50,19,11,9,11
031242440X,4.1,57,17,10,8,8
0060852577,4.1,55,19,10,9,7
0804206120,4.4,67,22,0,11,0
0664255507,4.4,56,39,0,5,0
0800627350,4.1,62,12,12,0,13
0374250022,4.0,50,25,0,25,0
0142000671,4.4,63,23,8,3,3
0452284244,4.4,66,22,7,2,3
0316769177,4.0,56,16,10,8,10
1855739461,0.0,0,0,0,0,0
0345450310,3.8,43,20,21,5,11
067002581X,4.7,81,14,3,1,1
1400031702,4.0,47,24,14,8,7
1594633665,4.0,45,29,14,6,6
1592409318,4.5,79,10,2,4,5
0312577222,4.8,85,11,2,1,1
1427740798,2.7,33,0,0,33,34
1427748004,3.4,43,14,14,0,29
055357342X,4.6,78,14,4,2,2
0061120081,4.7,82,11,3,2,2
0399167064,4.5,64,26,6,2,2
1476746583,4.6,72,18,6,2,2
159420571X,4.1,46,29,14,7,4
0316067598,4.7,82,11,3,2,2
0316204277,4.2,51,31,11,4,3
0553807919,4.6,75,17,5,2,1
193873338X,3.9,36,32,19,8,5
014311364X,3.1,0,42,43,0,15
0393068471,4.4,61,26,9,3,1
0385722435,4.4,61,24,9,4,2
0764225081,4.6,79,12,5,2,2
0330419129,4.2,56,24,9,4,7
1574902121,4.4,62,24,9,3,2
0425200450,4.5,69,20,8,2,1
0449213943,4.6,75,16,5,2,2
1592402860,3.8,42,26,13,10,9
0099481685,3.8,43,25,11,7,14
0486426750,4.6,79,10,6,2,3
044022800X,4.5,64,25,7,2,2
0739461192,4.5,75,13,3,3,6
0785273220,4.7,82,10,3,2,3
1879094533,5.0,100,0,0,0,0
0385340990,4.5,71,19,5,3,2
0762711647,5.0,100,0,0,0,0
0803736665,4.3,29,71,0,0,0
0803732163,4.0,56,22,0,11,11
1400032717,4.3,56,26,10,4,4
0439554934,4.8,86,9,3,1,1
1596923377,4.9,87,13,0,0,0
1400063612,4.1,50,23,17,4,6
0670018260,4.5,74,13,2,6,5
0307268195,4.7,77,17,4,1,1
0151010404,4.1,51,27,11,3,8
0156010593,4.1,51,26,15,2,6
0156028794,3.7,42,23,11,14,10
0156007754,3.9,46,24,12,8,10
0385522266,3.8,45,22,14,8,11
074349282X,4.0,53,21,10,9,7
0060513039,4.9,92,5,1,1,1
0061120081,4.7,82,11,3,2,2
1250040523,4.1,45,34,9,10,2
074329114X,4.3,72,9,7,7,5
0061624780,4.0,42,30,20,7,1
0375835431,4.6,89,0,0,0,11
1416903542,4.3,64,20,6,4,6
1416903569,4.5,72,14,6,4,4
0689865198,4.5,71,19,5,2,3
0553381695,4.5,71,19,6,2,2
1416917489,3.9,62,2,11,12,13
0451223292,4.0,48,26,11,8,7
0061558230,4.1,48,28,13,7,4
0307269981,4.5,68,20,7,3,2
1416914633,4.3,64,18,7,3,8
0307347974,4.4,63,20,10,7,0
0307269752,4.0,50,24,10,7,9
0786017813,4.0,44,27,18,6,5
0545010225,4.8,85,9,3,1,2
055357342X,4.6,78,14,4,2,2
1427811377,4.5,60,27,13,0,0
0786029293,4.3,56,23,13,7,1
0786023600,4.3,61,23,7,7,2
0375831002,4.6,76,16,4,2,2
1435136179,5.0,100,0,0,0,0
0425165582,4.3,61,20,10,7,2
1936383799,3.3,28,27,14,12,19
0671741039,4.6,79,11,5,3,2
0061558222,4.3,56,28,11,2,3
0307346609,4.2,56,24,11,5,4
0441363954,4.3,59,23,10,3,5
1595328343,4.4,74,10,0,16,0
1416984488,4.3,56,28,10,4,2
1560258500,3.6,30,28,21,12,9
038549565X,4.7,78,17,3,1,1
0340977019,3.8,47,20,13,7,13
1416950052,4.4,68,16,8,4,4
067973225X,3.9,48,21,13,7,11
1842322761,4.2,54,27,8,6,5
1905307144,4.3,57,26,7,5,5
0316057770,4.6,76,14,5,3,2
0786849002,4.5,73,16,5,2,4
0064408639,4.6,70,23,5,1,1
0439272637,4.3,55,30,9,3,3
0439206480,4.6,71,22,4,1,2
0439206472,4.2,60,23,6,3,8
014034893X,4.3,62,20,9,2,7
0440498058,4.3,65,18,9,3,5
0385732554,4.3,57,26,10,3,4
0689840926,4.5,68,22,4,3,3
0440227194,4.4,61,29,6,2,2
044022750X,4.4,61,24,10,2,3
0330700790,0.0,0,0,0,0,0
0440439884,4.5,68,20,6,3,3
0307347974,4.4,63,20,10,7,0
0439064864,4.7,80,13,4,1,2
0439358078,4.5,71,16,7,4,2
0545010225,4.8,85,9,3,1,2
0439554934,4.8,86,9,3,1,1
0745165680,4.0,33,33,34,0,0
0525478817,4.7,79,14,4,2,1
1416903542,4.3,64,20,6,4,6
1780485913,5.0,100,0,0,0,0
0450040186,4.7,78,15,4,2,1
006075995X,4.0,54,20,9,6,11
0440241413,4.2,56,23,8,6,7
0307275558,3.0,20,22,19,18,21
0553816713,4.3,67,14,6,4,9
0316015849,4.1,65,11,7,5,12
0439554934,4.8,86,9,3,1,1
0316346624,4.2,53,27,10,5,5
0060838582,4.3,60,26,7,3,4
0316166685,3.9,47,24,12,9,8
0553296981,4.6,74,16,5,2,3
0385338600,4.5,69,21,6,2,2
0307277674,3.8,49,17,11,9,14
0767900383,3.5,37,22,14,13,14
0143038419,3.7,49,16,9,8,18
0451529308,4.4,69,16,7,3,5
0743477111,4.2,64,22,0,0,14
0440073650,4.3,25,75,0,0,0
0446675539,4.8,87,7,3,1,2
0143039954,4.4,70,15,6,3,6
0060531045,4.2,64,12,8,7,9
0743273567,4.2,58,22,10,5,5
0316769177,4.0,56,16,10,8,10
0739491725,3.4,37,16,14,17,16
0062026771,4.0,35,36,21,7,1
031232118X,4.1,54,22,10,6,8
0684833395,4.3,66,18,6,4,6
0316017922,4.4,61,24,8,3,4
0316010669,3.9,44,26,15,8,7
0316346624,4.2,53,27,10,5,5
0385338708,4.3,56,26,11,4,3
044024191X,3.8,35,30,19,11,5
0440241898,4.1,50,25,15,6,4
0440241812,4.4,62,24,7,3,4
0440241413,4.2,56,23,8,6,7
0142437204,4.4,68,17,7,3,5
0330493744,4.2,62,18,6,7,7
0553278223,4.3,62,19,10,6,3
0375814248,4.6,73,17,6,2,2
0060987103,3.6,41,20,12,11,16
0307277674,3.8,49,17,11,9,14
0743477111,4.2,64,22,0,0,14
0743273567,4.2,58,22,10,5,5
0868196819,4.5,50,50,0,0,0
0141439661,4.3,62,20,10,3,5
0553816713,4.3,67,14,6,4,9
0142437204,4.4,68,17,7,3,5
0965818675,4.0,56,17,10,8,9
0553296981,4.6,74,16,5,2,3
0451524934,4.5,71,17,7,2,3
0143038419,3.7,49,16,9,8,18
0142437247,4.1,59,16,11,6,8
0451529308,4.4,69,16,7,3,5
0316166685,3.9,47,24,12,9,8
0061120081,4.7,82,11,3,2,2
9772083949,0.0,0,0,0,0,0
0071771328,4.5,72,17,5,3,3
159562015X,4.0,56,16,9,6,13
1935273817,4.7,84,10,3,2,1
1591280516,4.5,64,18,18,0,0
0875521657,4.1,68,6,0,19,7
0781406900,4.8,86,9,3,1,1
0988262592,4.7,74,20,4,1,1
1935651218,4.1,56,19,6,13,6
1434704920,4.6,76,14,3,7,0
0307987035,4.4,76,9,0,5,10
014303653X,4.4,65,21,6,4,4
0374203032,4.2,53,26,11,6,4
1921441631,4.7,78,18,2,2,0
1433512319,4.8,84,13,3,0,0
0552995878,4.1,49,31,10,4,6
0141439661,4.3,62,20,10,3,5
0142437204,4.4,68,17,7,3,5
0965818675,4.0,56,17,10,8,9
0679783261,4.5,72,14,6,3,5
0439554934,4.8,86,9,3,1,1
0553384287,4.4,62,24,7,4,3
1594480001,4.6,73,17,5,3,2
0307277674,3.8,49,17,11,9,14
0312422156,4.3,61,20,9,5,5
0143038095,4.2,56,28,7,3,6
0142001740,4.4,63,21,8,4,4
0316166685,3.9,47,24,12,9,8
0739326228,4.4,68,18,7,4,3
0140449264,4.6,78,11,5,2,4
0141439602,4.3,62,20,9,4,5
0451529308,4.4,69,16,7,3,5
0142437174,4.3,63,20,7,3,7
0142000671,4.4,63,23,8,3,3
0743273567,4.2,58,22,10,5,5
0385343833,3.3,27,24,19,16,14
0072819790,2.0,0,0,0,100,0
0545123283,4.2,49,34,13,3,1
0393078299,4.7,81,14,2,1,2
1571743197,4.8,80,20,0,0,0
006075995X,4.0,54,20,9,6,11
0553803719,4.3,62,20,9,5,4
0552995878,4.1,49,31,10,4,6
0446675539,4.8,87,7,3,1,2
0553296981,4.6,74,16,5,2,3
0307277674,3.8,49,17,11,9,14
0143038095,4.2,56,28,7,3,6
0060786507,4.3,60,21,9,5,5
0142001740,4.4,63,21,8,4,4
0451525264,4.7,82,11,4,1,2
0140449264,4.6,78,11,5,2,4
0743477111,4.2,64,22,0,0,14
0060531045,4.2,64,12,8,7,9
0061122416,4.4,70,14,7,4,5
0142000671,4.4,63,23,8,3,3
0452284244,4.4,66,22,7,2,3
0061120081,4.7,82,11,3,2,2
0545652200,3.6,38,24,14,8,16
0062135252,4.6,68,24,6,1,1
1455521205,4.3,60,24,9,4,3
1416516352,4.6,74,19,4,2,1
0440236703,4.3,58,26,9,4,3
0593062752,4.1,45,30,16,6,3
0061991066,4.5,66,21,6,4,3
0743219635,3.8,44,24,11,9,12
1455521310,4.4,59,27,9,3,2
0805098550,4.4,66,18,8,4,4
1439102457,4.3,56,26,11,4,3
0099556316,3.9,43,27,14,9,7
006178480X,4.4,62,24,9,3,2
0062073168,4.5,65,24,8,2,1
1407221175,0.0,0,0,0,0,0
0385537859,4.0,44,26,18,7,5
0553815024,4.3,57,27,11,3,2
1455521213,4.4,60,27,8,3,2
054529844X,3.2,36,12,13,15,24
0345476980,4.5,66,25,6,2,1
0743499697,4.5,67,21,7,3,2
1466338342,4.4,57,30,9,2,2
0446675539,4.8,87,7,3,1,2
0307277674,3.8,49,17,11,9,14
0143037145,3.3,26,22,21,18,13
0143038419,3.7,49,16,9,8,18
1565125606,4.4,66,20,7,4,3
0143035479,3.6,34,26,16,12,12
006075995X,4.0,54,20,9,6,11
0312291639,3.6,35,28,15,11,11
0440241413,4.2,56,23,8,6,7
0307275558,3.0,20,22,19,18,21
014028009X,4.1,53,23,11,7,6
0552995878,4.1,49,31,10,4,6
0141439661,4.3,62,20,10,3,5
0553816713,4.3,67,14,6,4,9
0679783261,4.5,72,14,6,3,5
0805063897,3.7,39,25,14,10,12
0385494785,4.5,69,21,6,2,2
0679745580,4.5,67,22,7,2,2
0385486804,4.1,50,29,12,5,4
0767900383,3.5,37,22,14,13,14
0553279378,4.5,72,18,5,2,3
0439324599,4.0,49,26,13,6,6
0399243852,4.8,79,17,4,0,0
0786838655,4.7,78,16,4,1,1
0142406171,4.7,86,6,3,3,2
141690848X,4.5,66,25,2,5,2
0439023513,4.3,62,19,10,5,4
0142501891,4.3,59,23,11,3,4
0767905202,4.0,47,30,10,5,8
0767905180,3.5,36,21,15,12,16
031232118X,4.1,54,22,10,6,8
0143035479,3.6,34,26,16,12,12
0743418174,4.0,51,23,10,8,8
0440241413,4.2,56,23,8,6,7
0312291639,3.6,35,28,15,11,11
006075995X,4.0,54,20,9,6,11
0307275558,3.0,20,22,19,18,21
1573221112,4.3,66,14,9,5,6
159554707X,4.1,41,36,17,5,1
1595547061,4.0,39,38,14,5,4
1447272447,4.0,42,43,0,0,15
0805086692,3.1,29,21,7,21,22
184990135X,4.3,67,17,8,0,8
0900778199,5.0,100,0,0,0,0
1455586358,4.5,66,24,7,2,1
0446518514,5.0,100,0,0,0,0
0714857262,4.5,70,15,5,10,0
0345540506,4.6,61,33,6,0,0
1420135546,4.3,57,29,8,3,3
0957142714,3.5,38,17,18,16,11
1451657919,4.5,61,33,3,3,0
1455581666,4.4,58,30,7,4,1
0393325431,3.6,42,14,22,11,11
142013552X,4.4,55,32,8,5,0
1420127179,4.0,42,35,14,4,5
0373297920,4.4,50,42,8,0,0
037329770X,4.5,50,50,0,0,0
145558164X,4.7,75,20,5,0,0
1857024699,4.6,72,21,3,1,3
0451525264,4.7,82,11,4,1,2
0448445867,4.4,76,7,3,3,7
0061246476,4.8,88,7,2,0,3
1576469115,4.6,78,11,5,2,4
0060987103,3.6,41,20,12,11,16
0439554934,4.8,86,9,3,1,1
0618260307,4.7,81,13,3,1,2
0689862202,4.6,69,22,7,1,1
0141439580,4.5,72,14,6,3,5
0060764899,4.7,80,12,4,2,2
0679813446,4.8,81,16,3,0,0
0061061204,4.9,95,3,0,1,1
1416927832,4.6,81,10,5,1,3
0064401480,4.6,77,14,5,2,2
0553609416,4.6,79,12,4,2,3
0060529962,5.0,100,0,0,0,0
0451529308,4.4,69,16,7,3,5
0143039563,4.3,61,21,8,4,6
0743477111,4.2,64,22,0,0,14
0374515360,4.4,71,13,8,4,4
0316767727,4.5,71,17,7,3,2
0670020559,3.3,29,20,18,18,15
0670012947,4.2,46,32,15,5,2
1400043875,2.9,24,17,14,16,29
0380813815,4.6,77,14,4,2,3
0553568019,4.5,65,24,9,2,0
0553580272,3.6,31,28,19,10,12
0446610577,3.2,24,25,21,10,20
0545010225,4.8,85,9,3,1,2
0439785960,4.5,71,15,7,4,3
0439358078,4.5,71,16,7,4,2
0439139600,4.8,86,9,3,1,1
043965548X,4.8,85,9,3,1,2
0439064864,4.7,80,13,4,1,2
0439554934,4.8,86,9,3,1,1
0385504225,3.4,34,19,18,15,14
0552150738,4.0,50,23,12,7,8
0307277674,3.8,49,17,11,9,14
0441328008,4.2,57,21,10,7,5
0575075066,4.1,53,24,11,7,5
0441104029,4.3,55,25,13,5,2
0441172695,4.5,73,13,6,4,4
0525950974,2.5,16,17,9,16,42
141651693X,4.3,61,22,10,4,3
0345526511,3.8,39,30,15,9,7
0755324226,3.0,18,29,8,26,19
0007260881,3.8,19,52,17,10,2
0553296981,4.6,74,16,5,2,3
0439554934,4.8,86,9,3,1,1
0743477111,4.2,64,22,0,0,14
0375856110,4.2,59,17,11,7,6
0375826726,4.2,61,15,10,8,6
0375840400,3.9,51,19,9,7,14
0375826696,4.0,56,16,9,7,12
0439023491,4.7,76,18,4,1,1
0439023513,4.3,62,19,10,5,4
0446359408,4.3,64,21,3,3,9
0062024035,4.5,70,19,6,3,2
0007442912,4.5,67,21,8,3,1
039480001X,4.7,84,8,3,1,4
0553214322,4.4,62,24,10,2,2
0061120081,4.7,82,11,3,2,2
1582701709,4.0,61,12,6,5,16
1593080271,4.2,57,21,9,6,7
0439744679,4.6,73,20,0,7,0
0142401900,4.7,67,33,0,0,0
0312323867,4.4,64,24,7,3,2
031232118X,4.1,54,22,10,6,8
055358202X,3.8,42,23,17,11,7
055357342X,4.6,78,14,4,2,2
0553381695,4.5,71,19,6,2,2
0553588486,4.5,74,15,4,3,4
1402726023,3.2,40,0,30,0,30
0143038257,4.5,75,11,5,3,6
0440442508,4.1,55,21,9,4,11
0439023513,4.3,62,19,10,5,4
0439023491,4.7,76,18,4,1,1
0064405044,4.5,66,23,7,3,1
006112527X,4.5,70,18,8,2,2
000720230X,4.4,59,26,10,3,2
0395389496,4.7,86,7,3,2,2
0393974995,4.5,78,8,5,3,6
031232118X,4.1,54,22,10,6,8
074326455X,4.3,58,26,4,7,5
0007173040,4.7,87,7,3,1,2
0439244196,4.6,74,19,4,1,2
0380731509,4.6,77,14,6,0,3
1884365302,4.1,51,29,10,2,8
0394820371,4.7,81,12,3,2,2
0142437336,4.1,51,28,9,5,7
0743297334,3.8,45,20,15,9,11
0140424385,4.2,58,20,10,4,8
0312323867,4.4,64,24,7,3,2
0763616052,4.7,78,16,4,1,1
0375869026,4.8,89,9,1,1,0
0765325527,3.9,41,30,14,10,5
0312940173,4.1,51,20,17,12,0
0312554192,4.3,56,26,11,4,3
0743226720,4.5,67,23,6,2,2
0765326264,4.8,86,9,3,1,1
0451450523,4.5,77,9,6,5,3
0062060554,4.0,42,31,14,8,5
0446574465,4.4,59,29,7,3,2
081297106X,3.6,39,22,14,11,14
0061150142,4.4,61,24,8,4,3
0451029127,0.0,0,0,0,0,0
0525457585,4.7,79,13,5,1,2
0752224417,0.0,0,0,0,0,0
0439523222,3.7,30,31,24,7,8
0395304482,4.5,74,13,6,3,4
030734813X,4.6,89,0,5,0,6
0307275558,3.0,20,22,19,18,21
0679760806,4.5,76,10,6,3,5
0140620885,3.3,33,33,0,0,34
0142437263,4.0,50,22,13,6,9
1576469239,4.4,64,22,9,3,2
0451528611,4.2,57,21,9,6,7
0060929871,4.2,55,25,10,6,4
0393970124,4.4,62,21,10,3,4
0375751513,4.3,58,23,10,5,4
0142437174,4.3,63,20,7,3,7
0060531045,4.2,64,12,8,7,9
0142000663,4.5,72,16,5,3,4
0345418263,4.4,70,14,8,4,4
031606792X,3.8,55,12,8,8,17
0316160202,4.4,70,14,7,4,5
0316015849,4.1,65,11,7,5,12
0979882877,4.8,89,3,3,4,0
158177060X,3.7,56,8,8,8,20
0060987103,3.6,41,20,12,11,16
0142437204,4.4,68,17,7,3,5
0142000671,4.4,63,23,8,3,3
0553274503,4.6,71,23,4,1,1
0061341428,4.0,47,26,13,3,11
0440221668,4.4,67,16,8,5,4
0393978893,4.1,62,13,8,3,14
0141439882,4.2,49,32,11,3,5
1853260738,4.0,44,22,23,7,4
1594489505,4.7,77,16,5,1,1
1581770588,4.5,75,0,25,0,0
0982324693,4.6,75,15,5,5,0
1886449120,5.0,100,0,0,0,0
0882681974,4.8,90,0,10,0,0
0882681575,4.7,70,30,0,0,0
1400041945,3.4,39,14,15,10,22
068984283X,4.8,87,8,2,1,2
1599903415,4.5,67,24,5,2,2
0061906220,4.9,95,4,1,0,0
0060777540,4.8,90,3,3,4,0
0060520620,4.3,68,14,6,4,8
0785289089,4.7,79,13,5,2,1
1582346186,4.1,56,20,10,6,8
0679805273,4.9,92,4,2,1,1
044654759X,4.6,72,18,6,2,2
1451617720,3.8,37,31,15,10,7
1558743669,4.6,80,12,4,1,3
0814474268,4.7,76,20,3,0,1
1592572839,4.3,64,18,9,0,9
0439023491,4.7,76,18,4,1,1
0439023513,4.3,62,19,10,5,4
0439023483,4.6,77,16,4,1,2
076361775X,4.9,91,9,0,0,0
0152024883,4.8,90,5,1,1,3
038532328X,4.4,59,27,9,3,2
1401908977,4.9,90,7,2,1,0
1585428000,4.0,46,23,19,8,4
0689848919,4.5,65,25,6,2,2
0062106252,4.3,54,29,13,1,3
0778315339,3.7,32,30,22,10,6
0544025830,4.5,61,30,7,1,1
1515157865,4.6,77,16,0,3,4
1400032717,4.3,56,26,10,4,4
0060564679,4.5,66,25,6,1,2
0060564652,4.3,55,25,14,4,2
0307269752,4.0,50,24,10,7,9
0312323867,4.4,64,24,7,3,2
0312966970,4.6,70,22,6,1,1
0312966091,4.5,68,24,4,2,2
031232118X,4.1,54,22,10,6,8
0060555955,3.8,36,30,23,5,6
0060837381,4.3,57,28,9,3,3
0385501129,3.3,25,23,21,16,15
0307269981,4.5,68,20,7,3,2
0060519134,4.4,65,24,6,2,3
0330371231,4.7,76,18,3,1,2
0312976275,4.6,72,19,6,2,1
0312980140,4.2,57,23,11,5,4
1401359604,2.8,21,20,14,12,33
0330418874,4.2,46,32,17,3,2
0060845546,4.4,60,24,11,2,3
1416528636,4.2,59,20,11,6,4
014028009X,4.1,53,23,11,7,6
1434767957,4.7,79,15,4,1,1
1434768511,4.5,77,12,5,2,4
031232118X,4.1,54,22,10,6,8
0307347974,4.4,63,20,10,7,0
0679783261,4.5,72,14,6,3,5
0316015849,4.1,65,11,7,5,12
0618346252,4.6,81,9,4,3,3
1594480001,4.6,73,17,5,3,2
0142000671,4.4,63,23,8,3,3
1476727910,4.3,54,29,11,5,1
1499677014,4.0,41,33,16,6,4
1604940123,4.3,56,25,11,6,2
1494281708,3.9,39,34,14,9,4
0679783261,4.5,72,14,6,3,5
030734813X,4.6,89,0,5,0,6
0385338600,4.5,69,21,6,2,2
0450040186,4.7,78,15,4,2,1
1594480001,4.6,73,17,5,3,2
0307277674,3.8,49,17,11,9,14
0451525264,4.7,82,11,4,1,2
0140449264,4.6,78,11,5,2,4
0142437174,4.3,63,20,7,3,7
0140283331,4.0,50,24,12,6,8
0743477111,4.2,64,22,0,0,14
0349113912,4.1,56,21,9,7,7
0385333846,4.2,59,21,10,5,5
0142000671,4.4,63,23,8,3,3
0452284244,4.4,66,22,7,2,3
0060513039,4.9,92,5,1,1,1
0743273567,4.2,58,22,10,5,5
0061120081,4.7,82,11,3,2,2
0373211392,4.1,45,29,17,6,3
1500996041,3.7,34,23,27,10,6
0756407532,4.3,58,22,13,7,0
006156155X,4.0,43,33,13,9,2
0425268780,4.4,60,25,10,3,2
031606792X,3.8,55,12,8,8,17
0316160199,4.3,64,16,9,5,6
0316160202,4.4,70,14,7,4,5
0575077026,3.9,47,22,17,7,7
0380014300,4.4,72,12,4,5,7
0446616419,4.1,43,34,17,3,3
0451462807,4.4,60,25,10,3,2
0452286034,4.2,56,22,11,5,6
0061662690,4.3,50,34,13,2,1
0886772923,4.7,77,16,5,2,0
0812511816,4.2,62,18,8,5,7
0451460936,3.5,34,19,20,15,12
0553564943,4.4,68,16,7,6,3
0060572965,4.2,55,25,10,6,4
0441068804,4.7,81,12,3,3,1
0786838655,4.7,78,16,4,1,1
0345459857,4.0,60,15,6,4,15
0441014895,4.3,54,28,12,3,3
0345337646,4.5,62,23,15,0,0
0316074144,4.2,44,38,14,1,3
0316056634,4.3,51,32,11,3,3
0345380975,4.3,50,38,4,4,4
0441873804,3.9,25,37,38,0,0
1595142517,4.0,41,31,17,7,4
0451226259,4.3,55,26,11,5,3
1576469239,4.4,64,22,9,3,2
0553803719,4.3,62,20,9,5,4
1596061065,4.3,52,32,12,4,0
0316043915,4.0,48,29,10,7,6
0316078638,4.8,82,15,3,0,0
0307263533,4.5,68,23,5,2,2
0393070050,4.1,42,35,15,6,2
0679752927,4.6,73,18,5,2,2
0525478817,4.7,79,14,4,2,1
9990824487,0.0,0,0,0,0,0
0375701214,4.6,72,17,7,2,2
0393978893,4.1,62,13,8,3,14
0375751513,4.3,58,23,10,5,4
0743482832,4.4,71,13,7,6,3
074348276X,4.4,64,19,10,2,5
0486266893,4.4,65,22,6,4,3
0679732764,4.3,65,16,9,5,5
0142437204,4.4,68,17,7,3,5
225303875X,0.0,0,0,0,0,0
1892295490,4.0,51,19,14,8,8
0827603827,4.6,65,30,5,0,0
2035834163,4.7,86,0,14,0,0
1406310263,4.5,64,27,6,3,0
1406310255,4.1,50,26,11,6,7
0060764899,4.7,80,12,4,2,2
0805063196,4.7,76,19,3,1,1
0805082115,4.6,74,20,4,1,1
0743201531,3.9,46,23,16,7,8
0060931132,4.3,55,27,10,4,4
0375414495,4.5,73,16,6,2,3
0446580503,4.2,62,17,10,6,5
140003468X,3.9,54,15,10,10,11
0135259657,3.7,57,0,14,14,15
0671027344,4.5,70,18,6,3,3
0525478817,4.7,79,14,4,2,1
0679746048,4.1,51,25,13,7,4
1609411153,4.2,62,13,14,4,7
1609419693,4.3,59,21,11,6,3
0399155341,4.7,81,12,3,2,2
0439023483,4.6,77,16,4,1,2
0340896965,3.7,39,25,16,10,10
0446547565,4.5,72,16,7,3,2
0743454537,4.2,57,22,9,6,6
0316098337,4.3,57,24,10,5,4
0307269752,4.0,50,24,10,7,9
1565125606,4.4,66,20,7,4,3
0451524934,4.5,71,17,7,2,3
0553816713,4.3,67,14,6,4,9
0679783261,4.5,72,14,6,3,5
0316015849,4.1,65,11,7,5,12
0439554934,4.8,86,9,3,1,1
0553296981,4.6,74,16,5,2,3
0140283331,4.0,50,24,12,6,8
0307347974,4.4,63,20,10,7,0
0385333846,4.2,59,21,10,5,5
0140285601,4.3,62,21,10,3,4
0393312836,4.5,70,20,5,2,3
0142437204,4.4,68,17,7,3,5
0345391802,4.4,69,16,7,4,4
0349113912,4.1,56,21,9,7,7
0553593161,4.0,45,33,11,0,11
0765362902,3.1,20,26,16,18,20
0062284428,4.3,42,50,5,0,3
0451219953,2.8,17,16,20,23,24
0060935782,4.4,54,37,8,1,0
0060935766,4.4,55,34,6,4,1
0312206488,4.6,74,18,5,2,1
0312187149,4.6,69,22,6,2,1
0312156960,4.5,69,17,7,4,3
0935526773,4.2,55,26,11,3,5
0935526765,4.3,51,34,10,4,1
0345805615,3.9,44,24,16,8,8
1594633665,4.0,45,29,14,6,6
1423183096,4.6,73,20,4,3,0
0393240231,4.7,77,16,4,2,1
1594204756,3.9,64,10,3,2,21
0060393491,3.7,40,19,17,16,8
1451645821,4.6,70,22,5,2,1
0340950943,4.7,77,15,8,0,0
0307341569,4.1,46,31,14,5,4
0525478817,4.7,79,14,4,2,1
1609419693,4.3,59,21,11,6,3
0297859382,3.9,42,27,15,8,8
0671027344,4.5,70,18,6,3,3
9710545094,0.0,0,0,0,0,0
9710545035,0.0,0,0,0,0,0
0439023483,4.6,77,16,4,1,2
0439358078,4.5,71,16,7,4,2
0439139600,4.8,86,9,3,1,1
043965548X,4.8,85,9,3,1,2
0439064864,4.7,80,13,4,1,2
0439554934,4.8,86,9,3,1,1
0553813951,3.9,47,22,13,9,9
0061122092,4.0,56,19,9,5,11
0553816713,4.3,67,14,6,4,9
0060589280,4.1,58,16,12,6,8
0446693804,4.4,68,17,7,3,5
9719234202,0.0,0,0,0,0,0
9710545019,4.7,67,33,0,0,0
1416521690,4.7,81,10,5,2,2
0060734566,4.6,69,22,6,3,0
0399173390,4.1,38,39,14,7,2
1594633665,4.0,45,29,14,6,6
1447241649,4.3,50,36,7,7,0
0385683421,3.5,31,25,22,12,10
0062306812,3.7,31,33,21,9,6
0330515802,4.0,0,100,0,0,0
0007491433,4.1,48,29,8,11,4
0385352107,4.1,47,29,14,6,4
1476789630,3.5,31,25,19,12,13
1476785597,4.1,55,23,9,6,7
0062295896,4.1,52,24,11,7,6
0385539703,4.0,43,32,15,6,4
0061434779,3.6,29,28,23,11,9
1594487138,4.3,57,26,10,5,2
1594633118,3.5,30,26,19,13,12
0399162097,4.1,49,27,13,7,4
1400032717,4.3,56,26,10,4,4
030727103X,3.6,38,23,17,11,11
1400079276,4.2,51,28,11,6,4
0062309668,4.0,43,33,12,6,6
0141389559,4.5,69,15,16,0,0
1585422193,4.4,72,15,4,4,5
1859840515,3.7,67,0,0,0,33
0006861350,4.7,79,14,7,0,0
0811207897,4.6,71,20,7,2,0
0590418386,4.0,33,33,34,0,0
0543949796,5.0,100,0,0,0,0
0060527986,4.3,65,16,9,6,4
3937718850,1.0,0,0,0,0,100
031232118X,4.1,54,22,10,6,8
0743264800,3.3,36,16,14,14,20
0618711651,3.8,49,16,13,10,12
140006712X,4.5,66,25,6,2,1
1400067111,4.2,48,32,12,6,2
9875801437,4.8,85,15,0,0,0
0743278909,4.5,75,11,6,3,5
9684112149,4.2,44,45,0,11,0
0722534876,4.2,58,21,10,5,6
0743477111,4.2,64,22,0,0,14
9707490462,0.0,0,0,0,0,0
1937051102,4.2,57,20,13,7,3
1609450930,4.1,47,25,16,11,1
0812998405,3.3,28,22,19,16,15
0062326031,4.7,85,7,4,1,3
0061120081,4.7,82,11,3,2,2
0316015849,4.1,65,11,7,5,12
0297859382,3.9,42,27,15,8,8
0451226380,4.2,60,17,8,9,6
0142428884,3.7,41,27,10,10,12
0061094048,4.3,55,25,14,2,4
0399155473,3.3,40,13,8,12,27
0061093580,4.4,59,29,5,5,2
006109157X,4.1,49,26,13,5,7
0061013439,3.4,33,21,18,13,15
0312656262,3.4,36,16,21,11,16
1442426640,4.6,72,16,9,3,0
0441005764,4.8,89,7,2,1,1
097434270X,5.0,100,0,0,0,0
0470186380,4.6,68,27,2,3,0
1592221181,4.9,91,7,2,0,0
0812905059,0.0,0,0,0,0,0
0553380958,4.1,53,24,11,7,5
0441569595,4.0,53,19,12,9,7
1595143955,4.1,45,30,15,5,5
1595143920,4.6,65,28,5,0,2
0375726403,4.0,48,24,14,9,5
0743296419,3.7,41,22,16,11,10
0316015849,4.1,65,11,7,5,12
1400052173,4.6,71,19,6,2,2
0060513039,4.9,92,5,1,1,1
0702041807,4.5,75,0,25,0,0
0448437376,4.7,67,33,0,0,0
0385721676,4.1,49,26,11,8,6
0670012947,4.2,46,32,15,5,2
0517189607,4.6,75,16,5,1,3
0061668095,4.3,56,26,10,6,2
0061668060,4.3,52,28,16,3,1
0451527747,4.2,60,19,11,4,6
0062060554,4.0,42,31,14,8,5
0007442912,4.5,67,21,8,3,1
0141382899,4.7,81,15,2,1,1
0751529818,4.5,75,14,4,3,4
0965818675,4.0,56,17,10,8,9
0857200038,4.0,0,100,0,0,0
0977962210,0.0,0,0,0,0,0
1936594293,4.5,72,14,6,3,5
1936594196,4.4,68,17,7,3,5
0553212583,4.4,68,17,7,3,5
0552150215,4.2,50,29,13,3,5
0446613274,4.1,59,14,11,6,10
0805089128,4.3,53,27,15,4,1
1400064163,4.8,85,11,2,1,1
0312314132,4.7,70,30,0,0,0
0440234859,4.6,78,12,3,3,4
0983131910,4.9,87,13,0,0,0
9861735615,0.0,0,0,0,0,0
0142003077,4.3,62,24,5,3,6
030737792X,3.9,43,27,16,11,3
1439147914,4.0,42,32,16,6,4
0385664443,3.8,39,25,19,9,8
0399155341,4.7,81,12,3,2,2
0385721420,3.5,32,25,19,14,10
0979777704,4.5,71,19,5,3,2
0307716899,4.6,81,9,5,2,3
0670018708,4.6,70,22,5,2,1
0307716899,4.6,81,9,5,2,3
0983131910,4.9,87,13,0,0,0
0553381695,4.5,71,19,6,2,2
0553588486,4.5,74,15,4,3,4
0060256656,4.5,81,6,3,2,8
0064410935,4.8,83,12,3,1,1
0615461344,4.2,51,30,12,4,3
0679734775,3.6,35,27,15,9,14
0752882635,4.1,51,25,12,8,4
159463176X,4.2,52,25,15,6,2
1594489505,4.7,77,16,5,1,1
0064410935,4.8,83,12,3,1,1
0517189607,4.6,75,16,5,1,3
1573225517,4.2,55,26,10,6,3
0156012197,4.5,79,8,4,3,6
0451204190,4.0,42,29,18,8,3
1455806854,4.3,61,22,9,4,4
0671212095,4.5,71,14,8,4,3
0743269519,4.5,73,13,6,3,5
0312424086,4.2,51,28,12,8,1
0373605188,4.1,53,20,14,10,3
0142437247,4.1,59,16,11,6,8
0545123283,4.2,49,34,13,3,1
0439023483,4.6,77,16,4,1,2
0446356859,4.4,67,17,5,6,5
0446364150,4.4,68,16,8,3,5
0316042676,4.3,55,25,12,5,3
0786838655,4.7,78,16,4,1,1
0553813951,3.9,47,22,13,9,9
1416975861,4.6,69,22,6,2,1
0446676071,3.9,54,18,8,6,14
1416914285,4.2,58,23,10,5,4
0441014941,4.4,59,25,11,3,2
0441014917,4.3,59,24,11,4,2
0441008534,4.1,52,24,12,7,5
0441013333,4.4,59,25,10,4,2
0441012183,4.5,68,23,6,2,1
1841493015,4.3,58,25,12,4,1
1841493007,4.3,52,31,11,4,2
0375826696,4.0,56,16,9,7,12
0618260307,4.7,81,13,3,1,2
0141439602,4.3,62,20,9,4,5
075791084X,4.0,40,40,0,20,0
1595147071,4.7,76,18,6,0,0
0316160202,4.4,70,14,7,4,5
0316160199,4.3,64,16,9,5,6
0062448544,0.0,0,0,0,0,0
0316769177,4.0,56,16,10,8,10
0061120081,4.7,82,11,3,2,2
1476753164,4.7,85,9,4,1,1
0060899220,4.3,57,28,9,3,3
031610969X,2.8,23,17,10,16,34
050552144X,4.7,67,33,0,0,0
0425190749,3.8,38,21,27,9,5
0965818675,4.0,56,17,10,8,9
0768430054,4.5,87,0,0,0,13
0805066691,4.7,80,12,5,1,2
0142401099,4.5,66,25,5,2,2
0452284244,4.4,66,22,7,2,3
0060513039,4.9,92,5,1,1,1
0743273567,4.2,58,22,10,5,5
0316769177,4.0,56,16,10,8,10
1430215674,4.2,67,11,5,11,6
0140120831,4.2,63,17,8,5,7
0451524934,4.5,71,17,7,2,3
0739326228,4.4,68,18,7,4,3
0517189607,4.6,75,16,5,1,3
0140283331,4.0,50,24,12,6,8
0446675539,4.8,87,7,3,1,2
0374500010,4.7,79,15,4,1,1
0553296981,4.6,74,16,5,2,3
0061733636,3.8,47,22,8,4,19
0297859382,3.9,42,27,15,8,8
0141043768,4.4,57,30,9,2,2
0307277674,3.8,49,17,11,9,14
0525478817,4.7,79,14,4,2,1
0316166685,3.9,47,24,12,9,8
0553590162,4.5,61,28,6,4,1
0553590154,4.2,53,27,10,3,7
0439023483,4.6,77,16,4,1,2
055358202X,3.8,42,23,17,11,7
055357342X,4.6,78,14,4,2,2
0062048503,3.9,40,26,22,8,4
0439023491,4.7,76,18,4,1,1
0515129933,3.7,37,30,14,7,12
0439554934,4.8,86,9,3,1,1
0385732554,4.3,57,26,10,3,4
0553816713,4.3,67,14,6,4,9
0142001740,4.4,63,21,8,4,4
0316166685,3.9,47,24,12,9,8
0316160202,4.4,70,14,7,4,5
0316160199,4.3,64,16,9,5,6
0142437174,4.3,63,20,7,3,7
0316015849,4.1,65,11,7,5,12
0316160202,4.4,70,14,7,4,5
031606792X,3.8,55,12,8,8,17
0316160199,4.3,64,16,9,5,6
0836220625,4.9,93,6,0,0,1
1843440326,5.0,100,0,0,0,0
1848549571,4.6,77,14,5,2,2
0399162410,4.3,59,24,10,4,3
0803734611,4.3,57,25,11,5,2
1595145931,4.5,65,23,11,0,1
1451629133,4.7,81,11,5,1,2
0385528078,3.0,21,21,16,17,25
1477817409,4.5,61,30,5,3,1
0930523202,4.8,75,25,0,0,0
0340896965,3.7,39,25,16,10,10
0312363508,3.9,44,26,15,4,11
006225930X,4.4,55,34,8,2,1
1607746352,4.7,82,9,5,2,2
9027433151,0.0,0,0,0,0,0
9027432252,0.0,0,0,0,0,0
0553816713,4.3,67,14,6,4,9
0965818675,4.0,56,17,10,8,9
3487071789,0.0,0,0,0,0,0
0547572484,3.6,35,21,18,14,12
0679731725,4.4,64,19,10,3,4
0439023483,4.6,77,16,4,1,2
0439554934,4.8,86,9,3,1,1
0679783261,4.5,72,14,6,3,5
1594480001,4.6,73,17,5,3,2
1844080382,4.4,65,20,8,3,4
0446614459,4.2,51,31,10,5,3
0143038419,3.7,49,16,9,8,18
3791350714,4.8,83,17,0,0,0
0785274316,4.5,74,14,5,4,3
0752863886,4.0,45,26,15,9,5
0582418275,4.4,65,22,6,3,4
0446696617,4.2,57,24,9,4,6
0451188454,4.4,65,21,7,4,3
0739465511,4.5,66,26,5,2,1
0061234001,4.1,49,29,12,6,4
0767905180,3.5,36,21,15,12,16
0316166685,3.9,47,24,12,9,8
0143038419,3.7,49,16,9,8,18
0312422156,4.3,61,20,9,5,5
0811801802,4.7,79,15,1,4,1
0670026603,4.6,73,19,5,2,1
0061928127,3.9,40,30,15,9,6
0743223136,4.7,79,14,4,2,1
0340896965,3.7,39,25,16,10,10
0316015849,4.1,65,11,7,5,12
0439554934,4.8,86,9,3,1,1
1434764303,4.4,57,30,9,2,2
0316160199,4.3,64,16,9,5,6
0739326228,4.4,68,18,7,4,3
0743477111,4.2,64,22,0,0,14
0141439661,4.3,62,20,10,3,5
0679783261,4.5,72,14,6,3,5
0316015849,4.1,65,11,7,5,12
0312291639,3.6,35,28,15,11,11
006075995X,4.0,54,20,9,6,11
0307275558,3.0,20,22,19,18,21
014028009X,4.1,53,23,11,7,6
0307277674,3.8,49,17,11,9,14
0767900383,3.5,37,22,14,13,14
0060786507,4.3,60,21,9,5,5
0743477111,4.2,64,22,0,0,14
0061122416,4.4,70,14,7,4,5
0743273567,4.2,58,22,10,5,5
0440241413,4.2,56,23,8,6,7
006075995X,4.0,54,20,9,6,11
0307275558,3.0,20,22,19,18,21
014028009X,4.1,53,23,11,7,6
0345418263,4.4,70,14,8,4,4
0446675539,4.8,87,7,3,1,2
0141439661,4.3,62,20,10,3,5
0553816713,4.3,67,14,6,4,9
0312650086,4.4,56,29,11,2,2
1857022130,5.0,100,0,0,0,0
0947795243,0.0,0,0,0,0,0
1899598227,5.0,100,0,0,0,0
094779591X,5.0,100,0,0,0,0
0955498406,4.3,57,25,10,6,2
1933368365,3.9,51,17,12,10,10
0340995793,4.2,57,25,8,6,4
0441068804,4.7,81,12,3,3,1
0399246770,3.4,30,22,17,18,13
0062024027,4.5,70,19,6,3,2
0316056588,4.1,46,34,9,6,5
0670011940,4.4,61,26,8,3,2
1594634475,3.5,37,19,16,12,16
1580052452,4.1,58,21,8,3,10
0812545648,4.2,42,33,25,0,0
0440241413,4.2,56,23,8,6,7
0312291639,3.6,35,28,15,11,11
1593082649,4.2,48,31,13,5,3
1420925431,4.2,57,19,12,7,5
0385751060,4.5,68,19,7,2,4
0439023483,4.6,77,16,4,1,2
0174392125,0.0,0,0,0,0,0
0553816713,4.3,67,14,6,4,9
1414310633,4.4,68,12,13,3,4
0440241901,4.3,59,26,9,2,4
0312554176,3.9,40,31,14,9,6
0439554934,4.8,86,9,3,1,1
0316015849,4.1,65,11,7,5,12
0061120081,4.7,82,11,3,2,2
0441010652,3.7,34,32,16,9,9
0451466802,4.5,69,18,7,4,2
0316334006,4.6,73,16,8,1,2
189635047X,4.9,86,14,0,0,0
0807515736,4.4,40,60,0,0,0
0807549118,3.6,36,30,11,11,12
1400063256,3.7,38,26,15,10,11
0374527075,4.0,51,24,10,5,10
1400068924,4.5,67,21,6,3,3
0345523288,4.5,67,25,5,0,3
0439023521,4.6,77,16,4,1,2
0141301066,4.7,80,13,4,1,2
0375826696,4.0,56,16,9,7,12
0439023491,4.7,76,18,4,1,1
0679879242,4.5,72,15,6,3,4
0439785960,4.5,71,15,7,4,3
0439139600,4.8,86,9,3,1,1
0439358078,4.5,71,16,7,4,2
043965548X,4.8,85,9,3,1,2
0545010225,4.8,85,9,3,1,2
0060531045,4.2,64,12,8,7,9
0349113912,4.1,56,21,9,7,7
1608323749,4.8,83,12,3,1,1
0553588486,4.5,74,15,4,3,4
140007780X,4.4,65,19,8,4,4
1568811241,3.8,17,50,33,0,0
3822848972,4.5,67,20,9,2,2
0060589280,4.1,58,16,12,6,8
0375822747,4.5,64,23,9,3,1
0316133973,4.6,70,21,6,3,0
1594480001,4.6,73,17,5,3,2
0719561051,4.8,87,0,13,0,0
1590171667,4.6,77,18,2,0,3
1590171659,4.4,63,24,6,3,4
0679776397,4.5,74,14,6,1,5
1583227245,4.1,63,8,17,4,8
158322730X,3.8,56,10,8,13,13
0553379011,4.4,69,17,6,4,4
0553379658,4.4,70,14,7,4,5
0553375407,4.3,67,15,5,4,9
1591430356,4.4,72,11,6,6,5
1890132888,4.8,93,3,1,1,2
0553384287,4.4,62,24,7,4,3
0450040186,4.7,78,15,4,2,1
1594480001,4.6,73,17,5,3,2
0142437247,4.1,59,16,11,6,8
0140283331,4.0,50,24,12,6,8
0452284244,4.4,66,22,7,2,3
0553392719,4.2,56,24,11,5,4
1476785597,4.1,55,23,9,6,7
1439138311,3.7,35,26,21,12,6
0670026603,4.6,73,19,5,2,1
0385344430,4.7,82,10,5,2,1
0752898477,4.5,72,14,8,4,2
0385340397,4.7,81,13,4,1,1
1631491687,4.0,67,0,0,33,0
0062203673,3.5,50,0,16,16,17
1101966874,4.5,64,27,6,3,0
0345348109,4.7,79,14,3,2,2
0316196991,4.3,55,30,10,4,1
0201533766,4.3,50,42,0,8,0
0553283685,4.3,62,20,9,6,3
0316160199,4.3,64,16,9,5,6
1444729705,4.2,50,31,12,4,3
074324754X,4.6,75,16,5,2,2
1907056890,5.0,100,0,0,0,0
0142402516,4.4,66,20,8,3,3
0812550706,4.6,72,18,6,2,2
0345391802,4.4,69,16,7,4,4
0446674338,4.4,54,34,10,0,2
0590453653,4.5,68,24,2,3,3
0575082097,4.3,56,26,10,6,2
0312422245,4.0,48,27,6,11,8
0553132857,4.9,89,11,0,0,0
0553380966,4.2,55,24,11,5,5
0575119543,3.9,52,24,0,10,14
0393066614,3.8,53,15,9,6,17
0307886085,4.7,79,14,4,1,2
1451635486,2.7,13,17,21,21,28
0451528522,4.1,46,33,13,4,4
0446528056,4.2,60,20,10,5,5
0786890754,3.8,47,22,11,9,11
059011848X,4.3,46,39,12,0,3
0618711651,3.8,49,16,13,10,12
0439023483,4.6,77,16,4,1,2
031606792X,3.8,55,12,8,8,17
0142411221,4.1,50,18,23,6,3
0061989142,4.4,65,19,10,3,3
0061767603,4.4,57,30,6,7,0
0982517416,4.5,50,50,0,0,0
0307275558,3.0,20,22,19,18,21
014028009X,4.1,53,23,11,7,6
0399154094,3.5,34,20,17,14,15
0521663962,4.2,55,30,5,0,10
0618260307,4.7,81,13,3,1,2
193396734X,4.5,68,19,11,0,2
0553296981,4.6,74,16,5,2,3
0143039954,4.4,70,15,6,3,6
0786890754,3.8,47,22,11,9,11
1594205221,4.2,57,20,12,5,6
0061969559,4.2,56,23,11,6,4
0312360282,4.2,59,21,11,4,5
076360822X,4.3,50,34,8,8,0
1573225126,3.8,45,21,11,11,12
159514174X,4.4,61,24,10,3,2
1595141758,4.6,70,22,6,1,1
1595141987,4.6,71,20,5,3,1
1595142509,4.6,74,15,7,2,2
1595143068,4.7,78,14,6,1,1
0099448769,4.3,57,26,11,4,2
0307276902,3.6,46,16,9,7,22
0141301066,4.7,80,13,4,1,2
0582418275,4.4,65,22,6,3,4
0451205766,4.7,82,12,4,1,1
0064410935,4.8,83,12,3,1,1
0141439742,4.0,53,19,12,7,9
1416524797,4.0,50,23,12,7,8
0671510118,4.0,50,22,13,6,9
0307265439,4.0,54,19,9,8,10
0440174643,4.7,81,10,6,1,2
0439227143,4.4,64,22,7,3,4
014038572X,4.6,75,18,4,1,2
0007205236,4.4,69,16,6,4,5
0060256656,4.5,81,6,3,2,8
0060764899,4.7,80,12,4,2,2
0553296981,4.6,74,16,5,2,3
0393978893,4.1,62,13,8,3,14
9718989048,0.0,0,0,0,0,0
0142000671,4.4,63,23,8,3,3
9584217054,5.0,100,0,0,0,0
0316166685,3.9,47,24,12,9,8
1594202214,4.5,71,16,5,5,3
0142001740,4.4,63,21,8,4,4
0394820371,4.7,81,12,3,2,2
0316260606,3.8,30,33,22,15,0
0439874025,4.5,71,21,2,2,4
0399160302,4.7,73,21,4,2,0
1595148035,4.5,67,20,7,4,2
1478952741,4.6,71,18,7,2,2
0062268341,4.1,56,19,12,7,6
0450040186,4.7,78,15,4,2,1
0809556642,3.8,24,54,7,7,8
0230709257,4.6,69,26,0,5,0
0230708722,4.4,59,27,11,3,0
0330411608,4.4,66,22,6,3,3
159780052X,3.6,25,31,32,5,7
0765350483,4.6,67,26,5,0,2
0393318672,4.7,74,20,5,1,0
0893662135,4.6,75,18,4,2,1
0552139130,4.5,68,20,6,4,2
0345419391,4.3,65,16,11,3,5
0552142743,4.6,76,14,5,3,2
0345484266,4.4,67,16,10,4,3
0345334310,4.3,66,17,6,4,7
034541957X,4.5,69,21,7,1,2
0689860064,4.7,77,16,5,2,0
0689860072,4.8,85,12,1,1,1
0345335082,4.5,71,20,4,2,3
0345341678,4.6,81,10,5,2,2
141692499X,4.5,74,14,4,3,5
0349000190,4.0,50,0,50,0,0
0394709306,4.6,78,12,5,2,3
0586200797,4.3,59,21,10,10,0
039924638X,4.5,71,19,5,2,3
0007288166,4.7,77,17,1,3,2
1505582601,5.0,100,0,0,0,0
0812578635,4.1,56,11,22,11,0
1558496726,4.3,55,32,3,5,5
1741666708,4.3,60,21,10,5,4
0060539828,4.4,65,23,6,1,5
0679728759,4.1,59,14,8,10,9
3453161815,3.7,0,67,33,0,0
0060596384,4.5,71,13,9,5,2
0765312182,3.9,48,22,12,13,5
1857987225,4.2,58,18,9,8,7
0743251326,4.5,54,38,8,0,0
0312362722,3.7,37,25,15,12,11
0316763063,4.1,34,53,3,3,3
0140250913,4.6,74,16,6,1,3
0385485581,4.5,61,32,0,7,0
0399153926,4.5,72,17,7,2,2
0843958235,3.9,16,68,11,5,0
0843963123,4.2,64,16,4,6,10
0061996203,4.4,59,28,10,2,1
0061996181,4.5,59,31,8,1,1
031253955X,4.4,59,28,8,2,3
0066238501,4.7,80,12,4,2,2
0143039563,4.3,61,21,8,4,6
0395071143,4.4,68,18,6,3,5
0670241334,4.7,84,10,4,1,1
0849945119,4.3,63,24,2,5,6
0553816713,4.3,67,14,6,4,9
0446693804,4.4,68,17,7,3,5
0446615862,4.4,68,18,6,5,3
1591451876,4.5,74,12,6,3,5
0679783261,4.5,72,14,6,3,5
0736908552,4.9,91,6,1,1,1
1576469239,4.4,64,22,9,3,2
0142437204,4.4,68,17,7,3,5
0736916881,4.4,70,12,9,4,5
0764200739,4.3,59,22,10,7,2
0764200720,4.1,53,25,9,6,7
0446547565,4.5,72,16,7,3,2
031606792X,3.8,55,12,8,8,17
0316160202,4.4,70,14,7,4,5
0316160199,4.3,64,16,9,5,6
0310266165,4.6,77,15,5,1,2
9722100262,5.0,100,0,0,0,0
0553213695,4.0,51,22,12,7,8
0140120831,4.2,63,17,8,5,7
0156012197,4.5,79,8,4,3,6
9725681363,0.0,0,0,0,0,0
0451524934,4.5,71,17,7,2,3
0099446782,4.7,77,17,4,1,1
0143039954,4.4,70,15,6,3,6
0142437174,4.3,63,20,7,3,7
0060531045,4.2,64,12,8,7,9
0452284244,4.4,66,22,7,2,3
0679779159,4.1,53,24,9,5,9
0375725342,4.1,53,25,10,7,5
0679779175,4.3,57,28,8,5,2
0192833987,4.4,74,9,7,4,6
006076029X,4.6,68,28,0,4,0
044110701X,0.0,0,0,0,0,0
0441732968,3.8,18,38,44,0,0
0441007317,4.2,59,20,8,6,7
0061054887,4.3,61,20,11,5,3
0061120081,4.7,82,11,3,2,2
0736420967,4.4,63,20,12,2,3
8838452164,0.0,0,0,0,0,0
0688104649,5.0,100,0,0,0,0
883595407X,0.0,0,0,0,0,0
8809056426,0.0,0,0,0,0,0
0340172134,0.0,0,0,0,0,0
0736423095,4.6,74,18,4,1,3
8809053699,0.0,0,0,0,0,0
887926799X,0.0,0,0,0,0,0
0749710373,4.5,81,4,5,7,3
8879267434,5.0,100,0,0,0,0
0307277674,3.8,49,17,11,9,14
0446677388,4.3,63,21,8,3,5
0679420290,4.3,65,16,9,4,6
0553208845,4.4,69,16,7,3,5
0064472795,4.5,68,24,4,1,3
0064472809,4.6,74,18,4,3,1
0060755865,4.3,58,27,9,3,3
0545040523,4.3,54,28,11,4,3
0060096098,3.9,47,21,16,6,10
0060724692,4.8,86,12,1,1,0
0061232920,4.6,72,19,7,1,1
006085202X,3.7,35,30,13,10,12
0060725125,4.4,60,28,8,1,3
0060096128,4.0,52,23,11,2,12
0060751649,4.4,68,18,7,3,4
0060725133,4.5,68,17,14,1,0
0060725141,4.8,87,10,1,1,1
0060725117,4.6,73,19,6,2,0
0613371658,4.5,68,20,6,3,3
0312577222,4.8,85,11,2,1,1
0553418351,3.9,42,27,15,8,8
1594633665,4.0,45,29,14,6,6
1620401398,3.9,40,30,16,9,5
0375414495,4.5,73,16,6,2,3
0385344228,4.3,53,31,10,4,2
0142001430,4.1,49,31,11,5,4
006079156X,4.2,52,29,12,4,3
0307713547,4.5,67,22,6,3,2
1408857391,4.5,66,26,5,2,1
0141043768,4.4,57,30,9,2,2
0312641893,4.6,67,26,5,1,1
0312353766,4.2,64,17,6,5,8
0007466714,4.6,76,15,6,2,1
0062059963,4.5,67,20,8,3,2
0062059939,4.5,65,23,7,3,2
0345391802,4.4,69,16,7,4,4
0385340397,4.7,81,13,4,1,1
0752898477,4.5,72,14,8,4,2
0385335997,4.7,80,13,4,2,1
0440221668,4.4,67,16,8,5,4
0385335989,4.7,80,14,4,1,1
0385335970,4.6,77,15,5,2,1
0399166238,4.4,64,23,6,6,1
0007444117,3.4,39,17,14,11,19
0061132381,4.6,71,18,7,2,2
0062400827,4.8,85,11,4,0,0
110188696X,4.7,80,14,4,1,1
0312595697,4.0,44,23,26,5,2
1250034582,4.3,64,17,8,7,4
0312595670,4.3,59,26,8,3,4
0064406237,4.2,49,36,8,3,4
0679729771,4.6,76,16,5,1,2
0394541553,4.6,74,16,5,2,3
1577344677,4.7,86,9,1,0,4
0439023483,4.6,77,16,4,1,2
0743454537,4.2,57,22,9,6,6
0439023513,4.3,62,19,10,5,4
0452011876,4.2,64,14,8,5,9
006075995X,4.0,54,20,9,6,11
0446675539,4.8,87,7,3,1,2
0553816713,4.3,67,14,6,4,9
0965818675,4.0,56,17,10,8,9
0316015849,4.1,65,11,7,5,12
0618346252,4.6,81,9,4,3,3
0553384287,4.4,62,24,7,4,3
0307277674,3.8,49,17,11,9,14
0143037145,3.3,26,22,21,18,13
0143038095,4.2,56,28,7,3,6
0143038419,3.7,49,16,9,8,18
0142001740,4.4,63,21,8,4,4
0316166685,3.9,47,24,12,9,8
0739326228,4.4,68,18,7,4,3
0451525264,4.7,82,11,4,1,2
0143034650,4.4,66,23,1,2,8
0980921023,3.7,67,0,0,0,33
0871401541,4.8,85,13,0,0,2
0156628708,3.9,49,22,8,11,10
0394404289,4.6,82,9,3,2,4
0679644199,4.4,62,22,9,5,2
0307959945,4.3,56,28,8,4,4
0062124269,4.1,49,26,13,7,5
0812993292,4.3,55,31,9,3,2
1594487367,3.9,45,25,12,7,11
0061928127,3.9,40,30,15,9,6
0374214913,4.1,47,29,14,6,4
0812992970,3.8,39,28,17,10,6
0446582352,4.5,62,31,6,1,0
0312554192,4.3,56,26,11,4,3
0312577206,4.5,72,17,6,3,2
125000621X,4.5,64,23,8,3,2
1585421952,4.4,68,19,5,4,4
067163514X,4.2,65,15,6,4,10
0874774241,4.5,71,15,7,4,3
140194079X,4.2,62,18,5,6,9
0330373382,4.5,71,6,23,0,0
0808595040,3.3,0,33,67,0,0
1596911239,3.8,42,29,8,8,13
0142000671,4.4,63,23,8,3,3
0307277674,3.8,49,17,11,9,14
0743418174,4.0,51,23,10,8,8
0316015849,4.1,65,11,7,5,12
1558749209,4.3,66,15,10,4,5
0091883768,3.7,50,17,8,6,19
0143038419,3.7,49,16,9,8,18
0307277674,3.8,49,17,11,9,14
0316160202,4.4,70,14,7,4,5
0316160199,4.3,64,16,9,5,6
031606792X,3.8,55,12,8,8,17
0316015849,4.1,65,11,7,5,12
0061122416,4.4,70,14,7,4,5
185041078X,0.0,0,0,0,0,0
0575401176,0.0,0,0,0,0,0
0099282550,4.8,83,17,0,0,0
0099489988,4.1,54,22,11,7,6
0340818670,4.1,52,25,13,6,4
0452281903,4.7,82,10,3,1,4
1558745157,4.8,83,12,3,1,1
0517189607,4.6,75,16,5,1,3
0812550706,4.6,72,18,6,2,2
0345391802,4.4,69,16,7,4,4
0441569595,4.0,53,19,12,9,7
0060929871,4.2,55,25,10,6,4
0451524934,4.5,71,17,7,2,3
0060838582,4.3,60,26,7,3,4
0061234001,4.1,49,29,12,6,4
0553296981,4.6,74,16,5,2,3
0743273567,4.2,58,22,10,5,5
0316769177,4.0,56,16,10,8,10
1456849875,5.0,100,0,0,0,0
1450082599,0.0,0,0,0,0,0
0446505498,3.9,42,31,9,13,5
0446675059,4.5,64,27,7,1,1
1565125606,4.4,66,20,7,4,3
0812968972,4.0,44,30,12,7,7
0778324737,4.7,79,16,5,0,0
0553816713,4.3,67,14,6,4,9
0679783261,4.5,72,14,6,3,5
0316015849,4.1,65,11,7,5,12
0553384287,4.4,62,24,7,4,3
0307277674,3.8,49,17,11,9,14
0143037145,3.3,26,22,21,18,13
0142001740,4.4,63,21,8,4,4
0316166685,3.9,47,24,12,9,8
0452284244,4.4,66,22,7,2,3
0345352661,4.0,54,17,10,8,11
0425172902,4.5,71,18,5,3,3
030734813X,4.6,89,0,5,0,6
0307277674,3.8,49,17,11,9,14
0140449264,4.6,78,11,5,2,4
0141439475,4.2,56,23,11,4,6
0143039954,4.4,70,15,6,3,6
0140283331,4.0,50,24,12,6,8
0743477111,4.2,64,22,0,0,14
0385333846,4.2,59,21,10,5,5
0743273567,4.2,58,22,10,5,5
0451233166,4.2,57,20,14,6,3
0312599064,4.5,66,26,4,2,2
0575095776,4.3,60,22,10,7,1
0441788386,4.1,58,14,12,9,7
0340839937,4.5,73,13,6,4,4
0812550706,4.6,72,18,6,2,2
0345391802,4.4,69,16,7,4,4
0307347974,4.4,63,20,10,7,0
0060929871,4.2,55,25,10,6,4
0451524934,4.5,71,17,7,2,3
0440242940,4.6,78,10,5,3,4
0552995878,4.1,49,31,10,4,6
0345418263,4.4,70,14,8,4,4
0446675539,4.8,87,7,3,1,2
0141439661,4.3,62,20,10,3,5
0553816713,4.3,67,14,6,4,9
0142437204,4.4,68,17,7,3,5
0965818675,4.0,56,17,10,8,9
0679783261,4.5,72,14,6,3,5
0316015849,4.1,65,11,7,5,12
0373775490,4.2,52,28,13,4,3
0615183220,4.1,49,29,11,3,8
0439023483,4.6,77,16,4,1,2
0767905202,4.0,47,30,10,5,8
0316015849,4.1,65,11,7,5,12
0141439602,4.3,62,20,9,4,5
1904271359,5.0,100,0,0,0,0
0743477561,4.4,64,21,10,1,4
0198320272,4.5,66,21,10,1,2
0743477103,4.3,66,17,7,4,6
1905654588,4.0,52,16,18,9,5
0312590970,3.7,45,17,14,11,13
031237982X,4.0,52,15,18,8,7
0312379838,4.5,70,18,7,3,2
0312360304,4.1,53,23,11,6,7
0312360282,4.2,59,21,11,4,5
0312360266,3.7,45,20,12,9,14
0399155341,4.7,81,12,3,2,2
0525421580,4.2,58,22,10,5,5
0393061027,4.6,78,12,6,2,2
0446579807,4.1,59,17,9,5,10
0345409469,4.5,74,13,6,4,3
0312965338,4.1,44,32,14,6,4
0553803719,4.3,62,20,9,5,4
0340839937,4.5,73,13,6,4,4
0307347974,4.4,63,20,10,7,0
0060929871,4.2,55,25,10,6,4
0451524934,4.5,71,17,7,2,3
0679879242,4.5,72,15,6,3,4
0385494785,4.5,69,21,6,2,2
0385486804,4.1,50,29,12,5,4
0450040186,4.7,78,15,4,2,1
0142437247,4.1,59,16,11,6,8
0451525264,4.7,82,11,4,1,2
0141439475,4.2,56,23,11,4,6
0143039954,4.4,70,15,6,3,6
0140283331,4.0,50,24,12,6,8
0349113912,4.1,56,21,9,7,7
0385333846,4.2,59,21,10,5,5
185984054X,4.0,54,19,9,5,13
1595479104,4.5,75,12,6,2,5
0060518650,4.4,66,19,8,4,3
061861916X,4.4,70,13,8,5,4
0141026162,3.8,50,18,9,8,15
0306816083,4.5,69,18,9,2,2
0385318219,4.0,43,32,9,12,4
0099391104,4.5,69,16,7,8,0
0441788386,4.1,58,14,12,9,7
0316346624,4.2,53,27,10,5,5
0142437174,4.3,63,20,7,3,7
1847946240,4.5,65,23,7,3,2
0689707495,4.6,80,12,3,1,4
0689713916,4.2,53,26,12,4,5
0812972147,4.1,59,16,9,5,11
0451529758,4.4,43,57,0,0,0
1587263890,4.5,73,17,4,2,4
0316954411,4.4,61,24,9,3,3
0804139024,4.6,74,18,4,2,2
078670621X,4.8,84,13,2,0,1
0306809583,4.6,76,14,7,3,0
0393319792,4.0,50,24,10,7,9
0393317048,4.3,60,21,12,3,4
0393314596,4.5,67,23,8,1,1
0393312445,4.6,76,16,3,4,1
0393310167,4.2,57,20,15,1,7
0393309061,4.6,69,24,4,1,2
039330907X,4.6,74,20,4,1,1
0393309053,4.7,83,12,1,2,2
0393309606,4.7,76,19,5,0,0
0393308626,4.3,58,22,13,5,2
1400069289,4.5,65,23,7,3,2
0802142842,3.8,46,21,11,11,11
1416914633,4.3,64,18,7,3,8
0553816713,4.3,67,14,6,4,9
014200068X,4.4,64,20,11,4,1
0007173040,4.7,87,7,3,1,2
0679732187,4.4,71,12,7,4,6
0060652896,4.6,76,15,5,2,2
0374529523,4.5,66,22,7,3,2
0060513039,4.9,92,5,1,1,1
0060775858,4.6,84,6,4,2,4
067973225X,3.9,48,21,13,7,11
0553256696,4.9,90,7,2,0,1
067168390X,4.8,88,6,1,2,3
0099910101,4.0,48,25,13,8,6
0375806814,4.7,81,12,3,1,3
0684803356,4.3,61,20,10,5,4
0393312836,4.5,70,20,5,2,3
0684823780,4.6,82,9,3,2,4
0312353766,4.2,64,17,6,5,8
0099408392,4.6,81,6,6,7,0
0061120081,4.7,82,11,3,2,2
0141439475,4.2,56,23,11,4,6
0743477111,4.2,64,22,0,0,14
0060786507,4.3,60,21,9,5,5
0307277674,3.8,49,17,11,9,14
0385338600,4.5,69,21,6,2,2
0446677388,4.3,63,21,8,3,5
0375826696,4.0,56,16,9,7,12
0679783261,4.5,72,14,6,3,5
0552995878,4.1,49,31,10,4,6
0141439661,4.3,62,20,10,3,5
0440241413,4.2,56,23,8,6,7
031232118X,4.1,54,22,10,6,8
0743418174,4.0,51,23,10,8,8
006222851X,3.9,53,16,8,13,10
0345529057,4.5,74,13,5,3,5
0553296981,4.6,74,16,5,2,3
0349113912,4.1,56,21,9,7,7
0061122416,4.4,70,14,7,4,5
0142000671,4.4,63,23,8,3,3
0060513039,4.9,92,5,1,1,1
0061120081,4.7,82,11,3,2,2
0060531045,4.2,64,12,8,7,9
0385333846,4.2,59,21,10,5,5
0452284244,4.4,66,22,7,2,3
0743273567,4.2,58,22,10,5,5
0316769177,4.0,56,16,10,8,10
1558744630,4.8,87,9,1,1,2
1558747028,4.5,73,18,3,3,3
0718149122,3.8,42,23,13,14,8
0316735698,4.0,53,19,12,9,7
0061059927,4.0,55,17,10,8,10
0061059919,4.1,59,16,12,4,9
006102001X,4.3,65,19,7,4,5
0061020001,4.0,55,18,10,8,9
0061067199,4.9,89,8,3,0,0
0061067156,4.9,88,12,0,0,0
0061067121,4.8,85,11,4,0,0
0142002402,3.5,46,14,5,10,25
1400063841,3.4,32,20,17,17,14
0345469011,3.6,35,26,16,11,12
0786226749,4.3,60,24,9,3,4
0552135399,4.4,71,14,6,5,4
0345915593,4.3,65,17,7,6,5
0553384155,4.7,82,12,3,2,1
0312348649,4.0,46,25,15,9,5
0312323867,4.4,64,24,7,3,2
0827606974,4.4,69,13,8,5,5
0691128782,3.7,52,19,2,2,25
0385521383,4.3,58,26,9,4,3
0743262131,4.5,65,23,9,1,2
0446697435,4.2,52,26,12,6,4
0446675539,4.8,87,7,3,1,2
0827606974,4.4,69,13,8,5,5
0691128782,3.7,52,19,2,2,25
0142002402,3.5,46,14,5,10,25
0553384155,4.7,82,12,3,2,1
0316159433,3.9,50,21,9,9,11
0316008958,3.2,37,15,6,10,32
0802715486,4.7,72,23,4,1,0
0743226720,4.5,67,23,6,2,2
0743223136,4.7,79,14,4,2,1
0553296981,4.6,74,16,5,2,3
0440241413,4.2,56,23,8,6,7
0307347974,4.4,63,20,10,7,0
0060929871,4.2,55,25,10,6,4
0451524934,4.5,71,17,7,2,3
0446675539,4.8,87,7,3,1,2
0141439661,4.3,62,20,10,3,5
0553816713,4.3,67,14,6,4,9
0142437204,4.4,68,17,7,3,5
0679783261,4.5,72,14,6,3,5
0375826696,4.0,56,16,9,7,12
0618346252,4.6,81,9,4,3,3
0439554934,4.8,86,9,3,1,1
0385494785,4.5,69,21,6,2,2
0679745580,4.5,67,22,7,2,2
0385486804,4.1,50,29,12,5,4
0553296981,4.6,74,16,5,2,3
0425172902,4.5,71,18,5,3,3
0752864327,4.2,55,24,10,5,6
030734813X,4.6,89,0,5,0,6
0385338600,4.5,69,21,6,2,2
0345391802,4.4,69,16,7,4,4
0552995878,4.1,49,31,10,4,6
0345418263,4.4,70,14,8,4,4
0965818675,4.0,56,17,10,8,9
0446677388,4.3,63,21,8,3,5
1594480001,4.6,73,17,5,3,2
0143037145,3.3,26,22,21,18,13
0060786507,4.3,60,21,9,5,5
0349113912,4.1,56,21,9,7,7
0061122416,4.4,70,14,7,4,5
0141439629,4.2,53,29,9,4,5
0440952077,4.4,66,20,6,6,2
0374375925,4.4,66,20,6,6,2
0312348649,4.0,46,25,15,9,5
0399167064,4.5,64,26,6,2,2
1455585017,4.3,63,19,11,3,4
0316013684,4.5,69,19,6,2,4
1476765111,4.3,62,21,8,5,4
1402208766,4.3,56,24,12,5,3
0385373791,4.5,69,22,6,1,2
0689862229,4.6,73,19,5,1,2
0062024027,4.5,70,19,6,3,2
0803734336,4.6,66,27,5,2,0
0545265355,4.7,81,13,3,1,2
1599903423,4.2,44,38,13,4,1
0763628115,4.7,80,15,2,2,1
1599903385,3.6,32,29,17,12,10
0007442912,4.5,67,21,8,3,1
1601420099,4.5,62,27,10,1,0
1590524128,4.7,77,18,2,0,3
1590527550,4.7,72,25,3,0,0
159052411X,4.5,73,14,10,0,3
0385742886,4.1,55,21,12,6,6
1423140591,4.8,83,13,2,1,1
1423116399,4.4,53,33,11,2,1
1423147952,4.6,65,28,4,3,0
0141439602,4.3,62,20,9,4,5
1423140567,4.7,76,18,3,1,2
0679783261,4.5,72,14,6,3,5
0803731558,4.2,50,25,19,5,1
0808516965,4.5,71,12,12,4,1
0439861365,4.3,53,23,24,0,0
0061747505,4.8,85,10,0,5,0
0061747416,4.6,64,32,4,0,0
006176177X,4.4,56,36,4,4,0
1423140575,4.8,83,14,2,1,0
1423146727,4.7,83,10,3,1,3
0007444117,3.4,39,17,14,11,19
0805094342,4.5,65,26,4,0,5
0545476992,3.7,26,34,27,8,5
1416995552,4.6,70,22,7,1,0
1416968237,4.4,60,23,12,4,1
1416978305,3.8,45,21,16,9,9
159052585X,4.9,90,8,2,0,0
1590525841,4.7,79,12,5,3,1
1416994637,4.3,62,15,17,3,3
031606792X,3.8,55,12,8,8,17
0316160202,4.4,70,14,7,4,5
0316160199,4.3,64,16,9,5,6
0140283331,4.0,50,24,12,6,8
0316015849,4.1,65,11,7,5,12
0061120081,4.7,82,11,3,2,2
0316051594,4.5,61,31,5,1,2
1590525868,4.8,86,11,3,0,0
1416995587,4.6,75,12,9,3,1
1590525876,4.7,81,14,2,0,3
9766371784,0.0,0,0,0,0,0
0300030843,0.0,0,0,0,0,0
0553248642,4.4,66,20,7,2,5
0300030843,0.0,0,0,0,0,0
0806531231,4.3,58,24,13,3,2
1416914293,4.6,72,19,6,2,1
0385537859,4.0,44,26,18,7,5
0141439475,4.2,56,23,11,4,6
0307346609,4.2,56,24,11,5,4
0375856110,4.2,59,17,11,7,6
0375826726,4.2,61,15,10,8,6
1416914285,4.2,58,23,10,5,4
0375840400,3.9,51,19,9,7,14
0553278223,4.3,62,19,10,6,3
0060764899,4.7,80,12,4,2,2
031608106X,4.2,56,23,10,7,4
0374504644,4.4,69,15,7,5,4
0140436065,4.6,75,16,5,3,1
0142000655,4.6,78,13,5,2,2
0060929871,4.2,55,25,10,6,4
0451524934,4.5,71,17,7,2,3
0345418263,4.4,70,14,8,4,4
0446675539,4.8,87,7,3,1,2
0553816713,4.3,67,14,6,4,9
0142437204,4.4,68,17,7,3,5
0679783261,4.5,72,14,6,3,5
0316015849,4.1,65,11,7,5,12
0375826696,4.0,56,16,9,7,12
0618346252,4.6,81,9,4,3,3
0618260307,4.7,81,13,3,1,2
0439554934,4.8,86,9,3,1,1
0385486804,4.1,50,29,12,5,4
0553296981,4.6,74,16,5,2,3
0060256656,4.5,81,6,3,2,8
0618260307,4.7,81,13,3,1,2
0439064864,4.7,80,13,4,1,2
0439358078,4.5,71,16,7,4,2
0439785960,4.5,71,15,7,4,3
0439139600,4.8,86,9,3,1,1
043965548X,4.8,85,9,3,1,2
0545010225,4.8,85,9,3,1,2
0439554934,4.8,86,9,3,1,1
0307277674,3.8,49,17,11,9,14
0142437247,4.1,59,16,11,6,8
0141439602,4.3,62,20,9,4,5
0451529308,4.4,69,16,7,3,5
0142437174,4.3,63,20,7,3,7
0140283331,4.0,50,24,12,6,8
0743477111,4.2,64,22,0,0,14
0349113912,4.1,56,21,9,7,7
0385333846,4.2,59,21,10,5,5
0142000671,4.4,63,23,8,3,3
0452284244,4.4,66,22,7,2,3
145161778X,4.0,45,28,14,7,6
0310494575,4.7,74,23,3,0,0
0830814191,4.4,65,19,7,7,2
0345391691,4.1,55,20,13,2,10
0375424695,4.3,50,34,14,2,0
1610393503,4.1,50,30,9,4,7
0307887898,4.4,66,20,8,3,3
1603581448,4.8,84,11,4,0,1
1591843634,4.1,57,24,5,3,11
0385535198,3.4,26,21,32,10,11
0374166854,3.9,53,19,8,8,12
014311638X,4.3,63,20,9,4,4
1594201455,4.5,69,17,9,3,2
1594200823,4.5,69,17,8,3,3
0802122744,4.1,50,25,10,11,4
0310290805,4.5,69,20,9,1,1
1434704890,4.8,83,12,3,2,0
0310227968,4.7,90,3,0,3,4
1590525140,4.7,76,18,3,2,1
1590523733,4.7,83,11,3,0,3
0310325250,4.5,64,28,6,2,0
0062067842,4.4,64,23,7,2,4
1935347187,4.2,54,29,4,9,4
0804139024,4.6,74,18,4,2,2
0062334344,4.5,68,23,4,2,3
0812995821,4.6,81,10,3,2,4
0830846093,4.5,50,50,0,0,0
1476746583,4.6,72,18,6,2,2
0751531782,0.0,0,0,0,0,0
0988363216,4.2,51,25,19,5,0
014028009X,4.1,53,23,11,7,6
0316015849,4.1,65,11,7,5,12
0618346252,4.6,81,9,4,3,3
0679879242,4.5,72,15,6,3,4
0375826696,4.0,56,16,9,7,12
0439554934,4.8,86,9,3,1,1
0618260307,4.7,81,13,3,1,2
1594480001,4.6,73,17,5,3,2
0307277674,3.8,49,17,11,9,14
0316166685,3.9,47,24,12,9,8
0743477111,4.2,64,22,0,0,14
0140283331,4.0,50,24,12,6,8
0307275558,3.0,20,22,19,18,21
0345391802,4.4,69,16,7,4,4
0965818675,4.0,56,17,10,8,9
0553296981,4.6,74,16,5,2,3
0752864327,4.2,55,24,10,5,6
0099446782,4.7,77,17,4,1,1
0142437174,4.3,63,20,7,3,7
0743290461,4.4,69,11,12,3,5
0439554934,4.8,86,9,3,1,1
0152057277,4.5,68,20,8,0,4
0767914864,4.2,59,17,17,0,7
141655484X,4.2,51,31,10,5,3
1416552510,4.3,60,21,10,5,4
0439023491,4.7,76,18,4,1,1
0439023483,4.6,77,16,4,1,2
0965818675,4.0,56,17,10,8,9
0312370830,4.4,62,22,9,4,3
0062119559,4.3,58,24,9,5,4
2266047426,4.4,65,24,5,3,3
1416524517,3.6,31,27,19,13,10
2253147699,4.4,64,24,6,4,2
0450031063,4.5,67,22,6,3,2
0451167805,4.3,57,28,8,2,5
1451627289,4.5,70,19,6,3,2
1594744769,4.3,55,27,12,4,2
1101990260,4.0,40,30,20,6,4
1501100076,4.5,65,22,8,3,2
0670026603,4.6,73,19,5,2,1
0345541405,4.1,50,26,14,6,4
0062072188,4.4,60,24,9,5,2
0399156585,4.5,67,22,5,3,3
0525952365,4.2,49,32,12,4,3
1573226068,4.3,60,21,10,6,3
0143037749,3.4,26,28,16,19,11
0751529818,4.5,75,14,4,3,4
0805072454,4.5,73,15,7,3,2
052595127X,4.2,51,29,11,5,4
0446672211,4.4,63,22,6,4,5
006075995X,4.0,54,20,9,6,11
0802130208,4.2,64,13,7,6,10
0517189607,4.6,75,16,5,1,3
1401308589,4.2,61,20,8,5,6
0385534639,4.3,60,20,10,6,4
0316098337,4.3,57,24,10,5,4
0385351836,3.9,48,21,12,8,11
0804138141,4.5,70,19,6,2,3
0062268341,4.1,56,19,12,7,6
1594206279,4.3,60,23,10,4,3
0307265749,4.0,43,31,17,6,3
0618101365,4.4,61,24,8,4,3
067003777X,3.7,39,23,16,12,10
0812995228,2.8,17,15,24,21,23
0307592839,3.5,36,22,16,13,13
1842430351,4.5,73,12,7,3,5
1400065453,4.2,56,24,11,4,5
0061928127,3.9,40,30,15,9,6
0399159347,4.3,51,32,11,4,2
0062049801,3.9,41,27,16,9,7
0679735771,3.7,44,21,11,7,17
0374214913,4.1,47,29,14,6,4
0450040186,4.7,78,15,4,2,1
0345370775,4.6,75,18,4,1,2
006621131X,4.4,65,18,8,5,4
1250077001,4.5,78,8,4,5,5
0804139024,4.6,74,18,4,2,2
1476746583,4.6,72,18,6,2,2
1594633665,4.0,45,29,14,6,6
1476738017,4.6,76,17,4,2,1
0140042598,3.9,52,17,11,9,11
0739326228,4.4,68,18,7,4,3
0439554934,4.8,86,9,3,1,1
1400069289,4.5,65,23,7,3,2
1416524797,4.0,50,23,12,7,8
0141439661,4.3,62,20,10,3,5
0385732554,4.3,57,26,10,3,4
0143038419,3.7,49,16,9,8,18
0060929871,4.2,55,25,10,6,4
0142437204,4.4,68,17,7,3,5
0618346252,4.6,81,9,4,3,3
0316166685,3.9,47,24,12,9,8
0316160199,4.3,64,16,9,5,6
0061120081,4.7,82,11,3,2,2
0316769177,4.0,56,16,10,8,10
0743273567,4.2,58,22,10,5,5
0060513039,4.9,92,5,1,1,1
0452284244,4.4,66,22,7,2,3
0142000671,4.4,63,23,8,3,3
0061122416,4.4,70,14,7,4,5
0385333846,4.2,59,21,10,5,5
0349113912,4.1,56,21,9,7,7
0060531045,4.2,64,12,8,7,9
1844543021,0.0,0,0,0,0,0
0061783188,4.3,52,29,15,3,1
0061583219,4.5,69,18,7,5,1
0061583073,4.6,68,23,7,1,1
0061245097,4.6,71,21,6,2,0
0061245089,4.4,66,20,8,3,3
0061894575,4.5,68,21,6,4,1
0330371231,4.7,76,18,3,1,2
0312966970,4.6,70,22,6,1,1
0312966091,4.5,68,24,4,2,2
1401323820,4.2,49,30,13,4,4
0140255559,4.5,64,28,6,1,1
031294795X,4.3,60,19,16,4,1
0061958034,4.4,56,29,10,4,1
0142302082,4.5,55,38,5,2,0
9351772845,0.0,0,0,0,0,0
1609452860,4.6,76,13,7,2,2
0812920236,4.8,80,20,0,0,0
0441569595,4.0,53,19,12,9,7
0553803719,4.3,62,20,9,5,4
0441788386,4.1,58,14,12,9,7
0340839937,4.5,73,13,6,4,4
0812550706,4.6,72,18,6,2,2
0345391802,4.4,69,16,7,4,4
0307347974,4.4,63,20,10,7,0
0060929871,4.2,55,25,10,6,4
0451524934,4.5,71,17,7,2,3
0618346252,4.6,81,9,4,3,3
0679879242,4.5,72,15,6,3,4
0618260307,4.7,81,13,3,1,2
0316346624,4.2,53,27,10,5,5
0061234001,4.1,49,29,12,6,4
0679745580,4.5,67,22,7,2,2
0553296981,4.6,74,16,5,2,3
0425172902,4.5,71,18,5,3,3
030734813X,4.6,89,0,5,0,6
0446677388,4.3,63,21,8,3,5
0805092641,4.2,54,29,9,4,4
031232118X,4.1,54,22,10,6,8
0767905202,4.0,47,30,10,5,8
0143035479,3.6,34,26,16,12,12
0440241413,4.2,56,23,8,6,7
0312291639,3.6,35,28,15,11,11
006075995X,4.0,54,20,9,6,11
014028009X,4.1,53,23,11,7,6
0307275558,3.0,20,22,19,18,21
0553380958,4.1,53,24,11,7,5
0965818675,4.0,56,17,10,8,9
0446675539,4.8,87,7,3,1,2
0141439661,4.3,62,20,10,3,5
0142437204,4.4,68,17,7,3,5
0316015849,4.1,65,11,7,5,12
0679783261,4.5,72,14,6,3,5
0440242940,4.6,78,10,5,3,4
0385486804,4.1,50,29,12,5,4
0752864327,4.2,55,24,10,5,6
0553384287,4.4,62,24,7,4,3
853592468x,0.0,0,0,0,0,0
8072530720,4.0,0,100,0,0,0
0307347974,4.4,63,20,10,7,0
0060929871,4.2,55,25,10,6,4
0142437204,4.4,68,17,7,3,5
0679783261,4.5,72,14,6,3,5
0316015849,4.1,65,11,7,5,12
0375826696,4.0,56,16,9,7,12
0679879242,4.5,72,15,6,3,4
0618346252,4.6,81,9,4,3,3
0618260307,4.7,81,13,3,1,2
0439554934,4.8,86,9,3,1,1
1594480001,4.6,73,17,5,3,2
0142001740,4.4,63,21,8,4,4
0316166685,3.9,47,24,12,9,8
0739326228,4.4,68,18,7,4,3
0141439475,4.2,56,23,11,4,6
0143039954,4.4,70,15,6,3,6
0142437174,4.3,63,20,7,3,7
0140283331,4.0,50,24,12,6,8
0743477111,4.2,64,22,0,0,14
0142000671,4.4,63,23,8,3,3
0440498058,4.3,65,18,9,3,5
0312291639,3.6,35,28,15,11,11
031232118X,4.1,54,22,10,6,8
0307275558,3.0,20,22,19,18,21
0345391802,4.4,69,16,7,4,4
0552995878,4.1,49,31,10,4,6
0345418263,4.4,70,14,8,4,4
0446675539,4.8,87,7,3,1,2
0141439661,4.3,62,20,10,3,5
0965818675,4.0,56,17,10,8,9
0385494785,4.5,69,21,6,2,2
0553296981,4.6,74,16,5,2,3
0450040186,4.7,78,15,4,2,1
0307277674,3.8,49,17,11,9,14
0767900383,3.5,37,22,14,13,14
0143037145,3.3,26,22,21,18,13
0143038419,3.7,49,16,9,8,18
0451525264,4.7,82,11,4,1,2
0451529308,4.4,69,16,7,3,5
0385333846,4.2,59,21,10,5,5
0743273567,4.2,58,22,10,5,5
0060515112,4.4,62,25,5,7,1
0060972459,3.7,44,22,10,9,15
0060935227,4.6,69,26,2,0,3
0060764899,4.7,80,12,4,2,2
0440238153,4.1,59,14,10,7,10
0679879250,4.4,68,18,7,3,4
0679879242,4.5,72,15,6,3,4
0140042598,3.9,52,17,11,9,11
0853235759,0.0,0,0,0,0,0
0440240948,3.5,39,21,11,10,19
159184312X,4.3,58,23,10,6,3
0385339542,4.6,65,25,9,1,0
0007201788,4.7,74,20,4,1,1
0385339526,4.6,68,23,6,2,1
0440243904,4.6,70,23,5,0,2
0446563048,4.5,70,22,4,2,2
0316017922,4.4,61,24,8,3,4
0316346624,4.2,53,27,10,5,5
1591843790,4.4,70,15,8,4,3
159184021X,4.1,52,25,9,6,8
000727114X,4.7,73,24,2,0,1
1594487715,4.2,57,22,14,4,3
0385524943,4.3,62,19,10,5,4
0140296662,4.3,53,35,6,4,2
0060920432,4.1,57,18,10,8,7
0066620996,4.4,66,19,7,4,4
0316017922,4.4,61,24,8,3,4
0140296662,4.3,53,35,6,4,2
0316346624,4.2,53,27,10,5,5
0060920432,4.1,57,18,10,8,7
0066620996,4.4,66,19,7,4,4
1591843790,4.4,70,15,8,4,3
159184021X,4.1,52,25,9,6,8
1594487715,4.2,57,22,14,4,3
1594487804,3.8,44,26,11,7,12
0307592839,3.5,36,22,16,13,13
0297851373,4.0,31,41,24,4,0
1416586288,4.5,67,22,8,2,1
1594487871,3.9,41,32,12,9,6
0615424686,4.4,59,27,9,3,2
0060256656,4.5,81,6,3,2,8
0385732554,4.3,57,26,10,3,4
031606792X,3.8,55,12,8,8,17
0316160202,4.4,70,14,7,4,5
0316160199,4.3,64,16,9,5,6
0439358078,4.5,71,16,7,4,2
0439785960,4.5,71,15,7,4,3
0439139600,4.8,86,9,3,1,1
043965548X,4.8,85,9,3,1,2
0545010225,4.8,85,9,3,1,2
0439064864,4.7,80,13,4,1,2
006075995X,4.0,54,20,9,6,11
0307275558,3.0,20,22,19,18,21
014028009X,4.1,53,23,11,7,6
0553380958,4.1,53,24,11,7,5
0441569595,4.0,53,19,12,9,7
0553803719,4.3,62,20,9,5,4
0441788386,4.1,58,14,12,9,7
0340839937,4.5,73,13,6,4,4
0060786507,4.3,60,21,9,5,5
0316166685,3.9,47,24,12,9,8
0385333846,4.2,59,21,10,5,5
0312374046,3.2,17,31,21,17,14
1785040448,4.4,68,16,7,4,5
0060531045,4.2,64,12,8,7,9
0743477111,4.2,64,22,0,0,14
0140283331,4.0,50,24,12,6,8
0143039954,4.4,70,15,6,3,6
0141439475,4.2,56,23,11,4,6
0142437247,4.1,59,16,11,6,8
0307277674,3.8,49,17,11,9,14
0446677388,4.3,63,21,8,3,5
0452281903,4.7,82,10,3,1,4
1558745157,4.8,83,12,3,1,1
1558743669,4.6,80,12,4,1,3
0399155341,4.7,81,12,3,2,2
1451620748,4.4,64,19,9,6,2
0821419366,0.0,0,0,0,0,0
1449526055,5.0,100,0,0,0,0
1463763271,0.0,0,0,0,0,0
1581342365,4.9,92,8,0,0,0
0891079734,4.8,83,17,0,0,0
0307886263,4.3,59,24,11,4,2
0142437174,4.3,63,20,7,3,7
0140439188,4.7,78,15,5,0,2
0670018236,4.3,62,21,6,4,7
0679736891,3.1,33,9,25,0,33
1419701762,3.8,39,26,17,11,7
0743482832,4.4,71,13,7,6,3
1416928170,4.7,78,15,5,1,1
0062268341,4.1,56,19,12,7,6
0743297334,3.8,45,20,15,9,11
0822564432,4.6,68,23,9,0,0
0195110099,4.6,75,12,13,0,0
0679879242,4.5,72,15,6,3,4
0618346252,4.6,81,9,4,3,3
0375826696,4.0,56,16,9,7,12
0316015849,4.1,65,11,7,5,12
0679783261,4.5,72,14,6,3,5
0965818675,4.0,56,17,10,8,9
0142437204,4.4,68,17,7,3,5
0553816713,4.3,67,14,6,4,9
0141439661,4.3,62,20,10,3,5
0446675539,4.8,87,7,3,1,2
0345418263,4.4,70,14,8,4,4
0552995878,4.1,49,31,10,4,6
0440242940,4.6,78,10,5,3,4
0451524934,4.5,71,17,7,2,3
0307347974,4.4,63,20,10,7,0
0060929871,4.2,55,25,10,6,4
0345391802,4.4,69,16,7,4,4
0812550706,4.6,72,18,6,2,2
0553803719,4.3,62,20,9,5,4
0553296981,4.6,74,16,5,2,3
0743477545,4.4,69,17,7,3,4
0345518195,3.6,44,13,20,10,13
0060929871,4.2,55,25,10,6,4
1423121317,4.5,63,30,5,2,0
1423121309,4.4,55,35,8,2,0
0441018238,4.6,77,13,4,2,4
0312650248,4.1,59,14,12,7,8
1442403543,4.4,64,19,11,4,2
159995334X,4.0,54,19,8,7,12
0316068047,4.4,66,20,7,3,4
0767905180,3.5,36,21,15,12,16
0767905202,4.0,47,30,10,5,8
031232118X,4.1,54,22,10,6,8
0440241413,4.2,56,23,8,6,7
0307275558,3.0,20,22,19,18,21
014028009X,4.1,53,23,11,7,6
0345418263,4.4,70,14,8,4,4
0553816713,4.3,67,14,6,4,9
0965818675,4.0,56,17,10,8,9
0316015849,4.1,65,11,7,5,12
0375826696,4.0,56,16,9,7,12
0618346252,4.6,81,9,4,3,3
0439554934,4.8,86,9,3,1,1
0061974552,4.5,68,21,7,3,1
0441019714,3.9,51,19,11,11,8
073872582X,3.5,13,42,31,10,4
1423121325,4.4,55,32,10,2,1
0062002325,4.2,48,32,13,5,2
0373210183,4.6,69,23,6,1,1
0373210132,4.4,57,29,11,2,1
006075995X,4.0,54,20,9,6,11
014028009X,4.1,53,23,11,7,6
0552995878,4.1,49,31,10,4,6
0553816713,4.3,67,14,6,4,9
0142437204,4.4,68,17,7,3,5
0965818675,4.0,56,17,10,8,9
0679783261,4.5,72,14,6,3,5
0316015849,4.1,65,11,7,5,12
0385486804,4.1,50,29,12,5,4
0553296981,4.6,74,16,5,2,3
1594480001,4.6,73,17,5,3,2
0767900383,3.5,37,22,14,13,14
0143037145,3.3,26,22,21,18,13
0143038419,3.7,49,16,9,8,18
0142001740,4.4,63,21,8,4,4
0739326228,4.4,68,18,7,4,3
0451529308,4.4,69,16,7,3,5
0812550706,4.6,72,18,6,2,2
0307347974,4.4,63,20,10,7,0
0440242940,4.6,78,10,5,3,4
0446675539,4.8,87,7,3,1,2
0141439661,4.3,62,20,10,3,5
0618346252,4.6,81,9,4,3,3
0439554934,4.8,86,9,3,1,1
0385494785,4.5,69,21,6,2,2
0451525264,4.7,82,11,4,1,2
0140449264,4.6,78,11,5,2,4
0743477111,4.2,64,22,0,0,14
0060531045,4.2,64,12,8,7,9
0061122416,4.4,70,14,7,4,5
0142000671,4.4,63,23,8,3,3
0060513039,4.9,92,5,1,1,1
0061120081,4.7,82,11,3,2,2
0781782104,4.5,63,26,7,4,0
1569802475,4.1,60,5,25,0,10
0316176486,3.7,38,23,17,11,11
0345455932,4.2,55,23,15,5,2
0689865392,4.3,56,28,11,2,3
0689865406,4.2,52,28,13,5,2
0689865384,4.3,57,26,9,5,3
0316015849,4.1,65,11,7,5,12
0439244196,4.6,74,19,4,1,2
014038572X,4.6,75,18,4,1,2
0684830493,4.2,60,19,10,5,6
0439236193,4.5,73,17,4,2,4
0061120081,4.7,82,11,3,2,2
0439227143,4.4,64,22,7,3,4
0140283331,4.0,50,24,12,6,8
0345391802,4.4,69,16,7,4,4
0060764899,4.7,80,12,4,2,2
0066238501,4.7,80,12,4,2,2
1572304510,4.5,67,20,8,3,2
1938501160,4.9,91,9,0,0,0
0140449264,4.6,78,11,5,2,4
0765376458,4.4,54,33,10,2,1
0804140561,4.2,42,41,12,3,2
0070660875,4.8,75,25,0,0,0
0413757102,4.2,56,24,8,5,7
0345368584,4.1,62,17,3,8,10
0679457313,3.9,50,19,11,9,11
0060533994,4.3,63,21,6,3,7
0060764899,4.7,80,12,4,2,2
0439023491,4.7,76,18,4,1,1
0439023483,4.6,77,16,4,1,2
0439023513,4.3,62,19,10,5,4
0312997477,4.1,48,30,11,3,8
0979311055,4.6,68,25,7,0,0
0595385125,4.8,82,13,4,1,0
0745640818,3.9,46,36,0,0,18
3499613867,0.0,0,0,0,0,0
0300107609,4.0,35,45,10,5,5
0750923849,5.0,100,0,0,0,0
0452011876,4.2,64,14,8,5,9
0937832383,4.2,73,9,0,0,18
0451528522,4.1,46,33,13,4,4
1400041716,4.4,63,24,8,2,3
0451528816,4.4,73,13,4,2,8
0451527542,4.6,75,17,5,2,1
0553380168,4.4,66,19,8,4,3
0140265473,4.4,69,15,9,3,4
0451528557,4.3,54,27,13,3,3
0140449264,4.6,78,11,5,2,4
0142437174,4.3,63,20,7,3,7
1585421618,4.5,78,11,3,1,7
1567188516,5.0,100,0,0,0,0
0684835193,4.8,75,25,0,0,0
1567181414,4.6,76,13,11,0,0
156718314X,4.6,57,43,0,0,0
1578632412,4.2,50,29,13,4,4
0875428355,3.8,40,10,40,10,0
0806931213,4.0,25,50,25,0,0
0875427197,3.5,50,17,0,0,33
0892811862,4.6,79,7,14,0,0
3822838632,4.6,75,15,5,5,0
1578631130,3.1,44,3,12,0,41
1585092177,5.0,100,0,0,0,0
1904658105,4.0,75,0,0,0,25
1578630002,5.0,100,0,0,0,0
0906362180,1.0,0,0,0,0,100
1573531111,4.1,56,19,12,0,13
1894701151,0.0,0,0,0,0,0
1870450361,4.5,50,50,0,0,0
1567183247,4.3,69,16,0,9,6
091912366X,4.5,50,50,0,0,0
0449213943,4.6,75,16,5,2,2
076072850X,4.2,53,27,10,4,6
0590456326,4.6,72,14,14,0,0
0866119523,3.0,0,0,100,0,0
0805093079,4.1,65,14,4,2,15
0385732554,4.3,57,26,10,3,4
0192840398,4.5,74,10,11,5,0
0307269981,4.5,68,20,7,3,2
0307269752,4.0,50,24,10,7,9
0451205766,4.7,82,12,4,1,1
0140185852,4.3,57,24,13,4,2
3746611091,4.3,58,26,2,11,3
0140447539,4.8,81,16,0,3,0
0822019787,0.0,0,0,0,0,0
0486434095,4.2,41,39,18,0,2
0143058142,4.3,65,16,9,4,6
0099468387,3.6,29,33,16,12,10
0553213695,4.0,51,22,12,7,8
0679736379,4.2,62,14,11,6,7
0142000655,4.6,78,13,5,2,2
0312265050,4.0,50,25,8,9,8
0571166938,4.5,64,30,4,0,2
0393970124,4.4,62,21,10,3,4
0552992097,4.1,55,19,11,9,6
0345915593,4.3,65,17,7,6,5
0552135399,4.4,71,14,6,5,4
0385333846,4.2,59,21,10,5,5
030726999X,4.5,71,19,6,3,1
0786226749,4.3,60,24,9,3,4
1423119924,4.3,70,13,5,3,9
0786838655,4.7,78,16,4,1,1
0743454537,4.2,57,22,9,6,6
0316160199,4.3,64,16,9,5,6
0553296981,4.6,74,16,5,2,3
0316160202,4.4,70,14,7,4,5
0439554934,4.8,86,9,3,1,1
0316015849,4.1,65,11,7,5,12
0143038095,4.2,56,28,7,3,6
0143039954,4.4,70,15,6,3,6
0142437174,4.3,63,20,7,3,7
0140283331,4.0,50,24,12,6,8
0743477111,4.2,64,22,0,0,14
0061120081,4.7,82,11,3,2,2
0965818675,4.0,56,17,10,8,9
0375826696,4.0,56,16,9,7,12
0553816713,4.3,67,14,6,4,9
0439064864,4.7,80,13,4,1,2
0679783261,4.5,72,14,6,3,5
0439358078,4.5,71,16,7,4,2
0439139600,4.8,86,9,3,1,1
031606792X,3.8,55,12,8,8,17
0439785960,4.5,71,15,7,4,3
043965548X,4.8,85,9,3,1,2
0545010225,4.8,85,9,3,1,2
0307277674,3.8,49,17,11,9,14
0143037145,3.3,26,22,21,18,13
0143038419,3.7,49,16,9,8,18
0142001740,4.4,63,21,8,4,4
0316166685,3.9,47,24,12,9,8
0739326228,4.4,68,18,7,4,3
0451525264,4.7,82,11,4,1,2
0141439602,4.3,62,20,9,4,5
0061122416,4.4,70,14,7,4,5
0439064864,4.7,80,13,4,1,2
0439358078,4.5,71,16,7,4,2
0439785960,4.5,71,15,7,4,3
0439139600,4.8,86,9,3,1,1
043965548X,4.8,85,9,3,1,2
0545010225,4.8,85,9,3,1,2
0439554934,4.8,86,9,3,1,1
031606792X,3.8,55,12,8,8,17
0316160202,4.4,70,14,7,4,5
0316160199,4.3,64,16,9,5,6
0316015849,4.1,65,11,7,5,12
1416983090,4.6,74,18,5,1,2
1416983082,4.1,58,16,12,6,8
1416974504,4.4,62,22,9,5,2
0142406252,4.6,74,17,6,2,1
0440905605,4.1,49,29,11,3,8
0143038419,3.7,49,16,9,8,18
1416583408,3.7,43,20,12,14,11
0375509321,4.0,48,19,18,9,6
0060954906,4.4,66,20,4,4,6
1250051894,4.0,39,33,18,8,2
0812513363,4.7,67,33,0,0,0
0879975601,5.0,100,0,0,0,0
0812547527,4.1,75,0,0,12,13
0441123112,3.8,0,83,17,0,0
0451528522,4.1,46,33,13,4,4
0198611129,3.7,48,15,10,11,16
044900371X,3.7,39,25,16,7,13
015101406X,4.2,48,34,9,6,3
0452281253,4.1,56,21,11,5,7
0451191153,4.2,64,15,8,4,9
0618640150,4.6,81,9,4,3,3
0618260307,4.7,81,13,3,1,2
0316769177,4.0,56,16,10,8,10
0192123173,4.2,58,22,8,4,8
0140439072,4.4,64,21,11,1,3
0192123092,4.6,70,23,5,1,1
0192835084,4.5,69,23,0,0,8
0451528557,4.3,54,27,13,3,3
1420925539,4.4,60,27,8,3,2
0192802631,4.4,67,18,8,4,3
0679771832,4.7,85,8,2,1,4
1401323251,4.6,78,12,5,2,3
0198611129,3.7,48,15,10,11,16
0393338827,4.4,67,21,5,2,5
0393324818,4.5,66,24,7,1,2
0393338096,4.2,53,28,10,4,5
0961496096,4.9,93,7,0,0,0
0874803632,0.0,0,0,0,0,0
0941214567,0.0,0,0,0,0,0
0553384287,4.4,62,24,7,4,3
0446677388,4.3,63,21,8,3,5
0425172902,4.5,71,18,5,3,3
0752864327,4.2,55,24,10,5,6
0385338600,4.5,69,21,6,2,2
030734813X,4.6,89,0,5,0,6
0099446782,4.7,77,17,4,1,1
1594480001,4.6,73,17,5,3,2
0450040186,4.7,78,15,4,2,1
0307277674,3.8,49,17,11,9,14
0767900383,3.5,37,22,14,13,14
0143037145,3.3,26,22,21,18,13
0312422156,4.3,61,20,9,5,5
0143038095,4.2,56,28,7,3,6
0060786507,4.3,60,21,9,5,5
0143038419,3.7,49,16,9,8,18
0349113912,4.1,56,21,9,7,7
0385333846,4.2,59,21,10,5,5
0061122416,4.4,70,14,7,4,5
0060513039,4.9,92,5,1,1,1
0316769177,4.0,56,16,10,8,10
0060513039,4.9,92,5,1,1,1
088144071X,5.0,100,0,0,0,0
1416914633,4.3,64,18,7,3,8
0312642970,4.8,83,15,2,0,0
0312642962,4.7,74,21,4,1,0
0312641893,4.6,67,26,5,1,1
0385537859,4.0,44,26,18,7,5
0316077054,4.4,60,25,11,3,1
0753416492,4.0,40,40,0,20,0
0316077054,4.4,60,25,11,3,1
0753416492,4.0,40,40,0,20,0
0671027344,4.5,70,18,6,3,3
0439785960,4.5,71,15,7,4,3
0439139600,4.8,86,9,3,1,1
043965548X,4.8,85,9,3,1,2
0439554934,4.8,86,9,3,1,1
0316015849,4.1,65,11,7,5,12
0143038419,3.7,49,16,9,8,18
0553280422,4.7,79,12,6,1,2
055338273X,4.3,53,29,12,6,0
0892290021,4.2,56,23,10,4,7
0316677469,2.7,19,15,14,21,31
1600104835,4.7,76,20,1,2,1
0609810405,3.4,29,25,14,14,14
1416950052,4.4,68,16,8,4,4
1416903542,4.3,64,20,6,4,6
0316098337,4.3,57,24,10,5,4
014028009X,4.1,53,23,11,7,6
0553212737,4.5,72,14,6,3,5
0767901576,4.6,77,14,4,3,2
0679724516,4.3,65,16,8,5,6
0345540875,4.6,69,23,6,1,1
0307592731,4.3,60,24,8,4,4
0743428188,4.1,49,28,12,8,3
1423113381,4.4,67,21,6,3,3
1423140591,4.8,83,13,2,1,1
0982266707,4.1,60,15,7,10,8
0373210361,4.6,69,23,5,2,1
0743431685,3.9,35,33,23,8,1
0670861804,3.9,29,57,0,0,14
030734813X,4.6,89,0,5,0,6
0307277674,3.8,49,17,11,9,14
0142437247,4.1,59,16,11,6,8
0316015849,4.1,65,11,7,5,12
1416524797,4.0,50,23,12,7,8
286610000X,0.0,0,0,0,0,0
0345476999,4.3,55,28,10,4,3
0060530928,4.5,68,22,6,2,2
0747263744,4.1,54,21,12,7,6
